0 ADD 700000 20 BUY 82 9999
0 ADD 700001 21 SELL 14 10001
1 CANCEL 700000 20 BUY 0 0
1 CANCEL 700001 21 SELL 0 0
1 ADD 700002 20 BUY 89 10000
1 ADD 700003 21 SELL 57 10004
2 CANCEL 700002 20 BUY 0 0
2 CANCEL 700003 21 SELL 0 0
2 ADD 700004 20 BUY 58 10000
2 ADD 700005 21 SELL 34 10006
3 CANCEL 700004 20 BUY 0 0
3 CANCEL 700005 21 SELL 0 0
3 ADD 700006 20 BUY 79 10006
3 ADD 700007 21 SELL 24 10008
4 CANCEL 700006 20 BUY 0 0
4 CANCEL 700007 21 SELL 0 0
4 ADD 700008 20 BUY 114 10007
4 ADD 700009 21 SELL 19 10009
5 CANCEL 700008 20 BUY 0 0
5 CANCEL 700009 21 SELL 0 0
5 ADD 700010 20 BUY 115 10010
5 ADD 700011 21 SELL 32 10012
6 CANCEL 700010 20 BUY 0 0
6 CANCEL 700011 21 SELL 0 0
6 ADD 700012 20 BUY 116 10013
6 ADD 700013 21 SELL 28 10015
7 CANCEL 700012 20 BUY 0 0
7 CANCEL 700013 21 SELL 0 0
7 ADD 700014 20 BUY 148 10012
7 ADD 700015 21 SELL 42 10016
8 CANCEL 700014 20 BUY 0 0
8 CANCEL 700015 21 SELL 0 0
8 ADD 700016 20 BUY 31 10015
8 ADD 700017 21 SELL 60 10019
9 CANCEL 700016 20 BUY 0 0
9 CANCEL 700017 21 SELL 0 0
9 ADD 700018 20 BUY 85 10013
9 ADD 700019 21 SELL 113 10015
10 CANCEL 700018 20 BUY 0 0
10 CANCEL 700019 21 SELL 0 0
10 ADD 700020 20 BUY 60 10012
10 ADD 700021 21 SELL 84 10016
11 CANCEL 700020 20 BUY 0 0
11 CANCEL 700021 21 SELL 0 0
11 ADD 700022 20 BUY 138 10012
11 ADD 700023 21 SELL 55 10014
12 CANCEL 700022 20 BUY 0 0
12 CANCEL 700023 21 SELL 0 0
12 ADD 700024 20 BUY 99 10015
12 ADD 700025 21 SELL 52 10017
13 CANCEL 700024 20 BUY 0 0
13 CANCEL 700025 21 SELL 0 0
13 ADD 700026 20 BUY 154 10017
13 ADD 700027 21 SELL 39 10019
14 CANCEL 700026 20 BUY 0 0
14 CANCEL 700027 21 SELL 0 0
14 ADD 700028 20 BUY 76 10018
14 ADD 700029 21 SELL 66 10020
15 CANCEL 700028 20 BUY 0 0
15 CANCEL 700029 21 SELL 0 0
15 ADD 700030 20 BUY 46 10017
15 ADD 700031 21 SELL 40 10019
16 CANCEL 700030 20 BUY 0 0
16 CANCEL 700031 21 SELL 0 0
16 ADD 700032 20 BUY 43 10017
16 ADD 700033 21 SELL 53 10023
17 CANCEL 700032 20 BUY 0 0
17 CANCEL 700033 21 SELL 0 0
17 ADD 700034 20 BUY 26 10018
17 ADD 700035 21 SELL 176 10020
18 CANCEL 700034 20 BUY 0 0
18 CANCEL 700035 21 SELL 0 0
18 ADD 700036 20 BUY 52 10015
18 ADD 700037 21 SELL 113 10017
19 CANCEL 700036 20 BUY 0 0
19 CANCEL 700037 21 SELL 0 0
19 ADD 700038 20 BUY 17 10009
19 ADD 700039 21 SELL 113 10011
20 CANCEL 700038 20 BUY 0 0
20 CANCEL 700039 21 SELL 0 0
20 ADD 700040 20 BUY 28 10004
20 ADD 700041 21 SELL 88 10010
21 CANCEL 700040 20 BUY 0 0
21 CANCEL 700041 21 SELL 0 0
21 ADD 700042 20 BUY 50 10002
21 ADD 700043 21 SELL 88 10004
22 CANCEL 700042 20 BUY 0 0
22 CANCEL 700043 21 SELL 0 0
22 ADD 700044 20 BUY 113 10000
22 ADD 700045 21 SELL 65 10002
23 CANCEL 700044 20 BUY 0 0
23 CANCEL 700045 21 SELL 0 0
23 ADD 700046 20 BUY 45 9994
23 ADD 700047 21 SELL 88 9996
24 CANCEL 700046 20 BUY 0 0
24 CANCEL 700047 21 SELL 0 0
24 ADD 700048 20 BUY 92 9991
24 ADD 700049 21 SELL 120 9995
25 CANCEL 700048 20 BUY 0 0
25 CANCEL 700049 21 SELL 0 0
25 ADD 700050 20 BUY 38 9993
25 ADD 700051 21 SELL 102 9997
26 CANCEL 700050 20 BUY 0 0
26 CANCEL 700051 21 SELL 0 0
26 ADD 700052 20 BUY 149 9993
26 ADD 700053 21 SELL 60 9999
27 CANCEL 700052 20 BUY 0 0
27 CANCEL 700053 21 SELL 0 0
27 ADD 700054 20 BUY 168 9993
27 ADD 700055 21 SELL 8 9995
28 CANCEL 700054 20 BUY 0 0
28 CANCEL 700055 21 SELL 0 0
28 ADD 700056 20 BUY 47 9994
28 ADD 700057 21 SELL 34 9998
29 CANCEL 700056 20 BUY 0 0
29 CANCEL 700057 21 SELL 0 0
29 ADD 700058 20 BUY 111 9997
29 ADD 700059 21 SELL 16 10001
30 CANCEL 700058 20 BUY 0 0
30 CANCEL 700059 21 SELL 0 0
30 ADD 700060 20 BUY 93 10000
30 ADD 700061 21 SELL 90 10002
31 CANCEL 700060 20 BUY 0 0
31 CANCEL 700061 21 SELL 0 0
31 ADD 700062 20 BUY 195 10001
31 ADD 700063 21 SELL 8 10005
32 CANCEL 700062 20 BUY 0 0
32 CANCEL 700063 21 SELL 0 0
32 ADD 700064 20 BUY 160 10004
32 ADD 700065 21 SELL 15 10006
33 CANCEL 700064 20 BUY 0 0
33 CANCEL 700065 21 SELL 0 0
33 ADD 700066 20 BUY 100 10007
33 ADD 700067 21 SELL 8 10011
34 CANCEL 700066 20 BUY 0 0
34 CANCEL 700067 21 SELL 0 0
34 ADD 700068 20 BUY 102 10011
34 ADD 700069 21 SELL 52 10013
35 CANCEL 700068 20 BUY 0 0
35 CANCEL 700069 21 SELL 0 0
35 ADD 700070 20 BUY 121 10009
35 ADD 700071 21 SELL 70 10011
36 CANCEL 700070 20 BUY 0 0
36 CANCEL 700071 21 SELL 0 0
36 ADD 700072 20 BUY 47 10006
36 ADD 700073 21 SELL 65 10008
37 CANCEL 700072 20 BUY 0 0
37 CANCEL 700073 21 SELL 0 0
37 ADD 700074 20 BUY 107 10006
37 ADD 700075 21 SELL 22 10008
38 CANCEL 700074 20 BUY 0 0
38 CANCEL 700075 21 SELL 0 0
38 ADD 700076 20 BUY 192 10009
38 ADD 700077 21 SELL 8 10011
39 CANCEL 700076 20 BUY 0 0
39 CANCEL 700077 21 SELL 0 0
39 ADD 700078 20 BUY 73 10011
39 ADD 700079 21 SELL 15 10013
40 CANCEL 700078 20 BUY 0 0
40 CANCEL 700079 21 SELL 0 0
40 ADD 700080 20 BUY 69 10010
40 ADD 700081 21 SELL 56 10012
41 CANCEL 700080 20 BUY 0 0
41 CANCEL 700081 21 SELL 0 0
41 ADD 700082 20 BUY 73 10007
41 ADD 700083 21 SELL 84 10009
42 CANCEL 700082 20 BUY 0 0
42 CANCEL 700083 21 SELL 0 0
42 ADD 700084 20 BUY 60 10006
42 ADD 700085 21 SELL 121 10008
43 CANCEL 700084 20 BUY 0 0
43 CANCEL 700085 21 SELL 0 0
43 ADD 700086 20 BUY 53 10007
43 ADD 700087 21 SELL 74 10009
44 CANCEL 700086 20 BUY 0 0
44 CANCEL 700087 21 SELL 0 0
44 ADD 700088 20 BUY 106 10006
44 ADD 700089 21 SELL 108 10008
45 CANCEL 700088 20 BUY 0 0
45 CANCEL 700089 21 SELL 0 0
45 ADD 700090 20 BUY 98 10000
45 ADD 700091 21 SELL 98 10002
46 CANCEL 700090 20 BUY 0 0
46 CANCEL 700091 21 SELL 0 0
46 ADD 700092 20 BUY 80 9999
46 ADD 700093 21 SELL 94 10001
47 CANCEL 700092 20 BUY 0 0
47 CANCEL 700093 21 SELL 0 0
47 ADD 700094 20 BUY 24 10000
47 ADD 700095 21 SELL 82 10002
48 CANCEL 700094 20 BUY 0 0
48 CANCEL 700095 21 SELL 0 0
48 ADD 700096 20 BUY 76 10002
48 ADD 700097 21 SELL 76 10004
49 CANCEL 700096 20 BUY 0 0
49 CANCEL 700097 21 SELL 0 0
49 ADD 700098 20 BUY 115 10003
49 ADD 700099 21 SELL 25 10005
50 CANCEL 700098 20 BUY 0 0
50 CANCEL 700099 21 SELL 0 0
50 ADD 700100 20 BUY 59 10005
50 ADD 700101 21 SELL 95 10007
51 CANCEL 700100 20 BUY 0 0
51 CANCEL 700101 21 SELL 0 0
51 ADD 700102 20 BUY 42 10007
51 ADD 700103 21 SELL 56 10009
52 CANCEL 700102 20 BUY 0 0
52 CANCEL 700103 21 SELL 0 0
52 ADD 700104 20 BUY 116 10007
52 ADD 700105 21 SELL 68 10009
53 CANCEL 700104 20 BUY 0 0
53 CANCEL 700105 21 SELL 0 0
53 ADD 700106 20 BUY 52 10006
53 ADD 700107 21 SELL 46 10008
54 CANCEL 700106 20 BUY 0 0
54 CANCEL 700107 21 SELL 0 0
54 ADD 700108 20 BUY 48 10009
54 ADD 700109 21 SELL 146 10011
55 CANCEL 700108 20 BUY 0 0
55 CANCEL 700109 21 SELL 0 0
55 ADD 700110 20 BUY 64 10009
55 ADD 700111 21 SELL 60 10011
56 CANCEL 700110 20 BUY 0 0
56 CANCEL 700111 21 SELL 0 0
56 ADD 700112 20 BUY 8 10005
56 ADD 700113 21 SELL 194 10011
57 CANCEL 700112 20 BUY 0 0
57 CANCEL 700113 21 SELL 0 0
57 ADD 700114 20 BUY 44 10004
57 ADD 700115 21 SELL 66 10006
58 CANCEL 700114 20 BUY 0 0
58 CANCEL 700115 21 SELL 0 0
58 ADD 700116 20 BUY 62 10003
58 ADD 700117 21 SELL 84 10005
59 CANCEL 700116 20 BUY 0 0
59 CANCEL 700117 21 SELL 0 0
59 ADD 700118 20 BUY 118 10001
59 ADD 700119 21 SELL 41 10003
60 CANCEL 700118 20 BUY 0 0
60 CANCEL 700119 21 SELL 0 0
60 ADD 700120 20 BUY 138 10002
60 ADD 700121 21 SELL 25 10004
61 CANCEL 700120 20 BUY 0 0
61 CANCEL 700121 21 SELL 0 0
61 ADD 700122 20 BUY 116 10005
61 ADD 700123 21 SELL 65 10007
62 CANCEL 700122 20 BUY 0 0
62 CANCEL 700123 21 SELL 0 0
62 ADD 700124 20 BUY 80 10007
62 ADD 700125 21 SELL 26 10009
63 CANCEL 700124 20 BUY 0 0
63 CANCEL 700125 21 SELL 0 0
63 ADD 700126 20 BUY 66 10007
63 ADD 700127 21 SELL 48 10011
64 CANCEL 700126 20 BUY 0 0
64 CANCEL 700127 21 SELL 0 0
64 ADD 700128 20 BUY 82 10006
64 ADD 700129 21 SELL 132 10008
65 CANCEL 700128 20 BUY 0 0
65 CANCEL 700129 21 SELL 0 0
65 ADD 700130 20 BUY 115 10007
65 ADD 700131 21 SELL 99 10009
66 CANCEL 700130 20 BUY 0 0
66 CANCEL 700131 21 SELL 0 0
66 ADD 700132 20 BUY 73 10008
66 ADD 700133 21 SELL 66 10010
67 CANCEL 700132 20 BUY 0 0
67 CANCEL 700133 21 SELL 0 0
67 ADD 700134 20 BUY 43 10011
67 ADD 700135 21 SELL 35 10013
68 CANCEL 700134 20 BUY 0 0
68 CANCEL 700135 21 SELL 0 0
68 ADD 700136 20 BUY 187 10009
68 ADD 700137 21 SELL 19 10011
69 CANCEL 700136 20 BUY 0 0
69 CANCEL 700137 21 SELL 0 0
69 ADD 700138 20 BUY 73 10010
69 ADD 700139 21 SELL 66 10014
70 CANCEL 700138 20 BUY 0 0
70 CANCEL 700139 21 SELL 0 0
70 ADD 700140 20 BUY 146 10010
70 ADD 700141 21 SELL 37 10012
71 CANCEL 700140 20 BUY 0 0
71 CANCEL 700141 21 SELL 0 0
71 ADD 700142 20 BUY 143 10014
71 ADD 700143 21 SELL 21 10016
72 CANCEL 700142 20 BUY 0 0
72 CANCEL 700143 21 SELL 0 0
72 ADD 700144 20 BUY 45 10018
72 ADD 700145 21 SELL 51 10020
73 CANCEL 700144 20 BUY 0 0
73 CANCEL 700145 21 SELL 0 0
73 ADD 700146 20 BUY 158 10018
73 ADD 700147 21 SELL 38 10022
74 CANCEL 700146 20 BUY 0 0
74 CANCEL 700147 21 SELL 0 0
74 ADD 700148 20 BUY 203 10020
74 ADD 700149 21 SELL 8 10024
75 CANCEL 700148 20 BUY 0 0
75 CANCEL 700149 21 SELL 0 0
75 ADD 700150 20 BUY 105 10024
75 ADD 700151 21 SELL 30 10028
76 CANCEL 700150 20 BUY 0 0
76 CANCEL 700151 21 SELL 0 0
76 ADD 700152 20 BUY 160 10027
76 ADD 700153 21 SELL 53 10029
77 CANCEL 700152 20 BUY 0 0
77 CANCEL 700153 21 SELL 0 0
77 ADD 700154 20 BUY 114 10023
77 ADD 700155 21 SELL 88 10027
78 CANCEL 700154 20 BUY 0 0
78 CANCEL 700155 21 SELL 0 0
78 ADD 700156 20 BUY 39 10021
78 ADD 700157 21 SELL 71 10025
79 CANCEL 700156 20 BUY 0 0
79 CANCEL 700157 21 SELL 0 0
79 ADD 700158 20 BUY 53 10020
79 ADD 700159 21 SELL 101 10022
80 CANCEL 700158 20 BUY 0 0
80 CANCEL 700159 21 SELL 0 0
80 ADD 700160 20 BUY 52 10018
80 ADD 700161 21 SELL 125 10020
81 CANCEL 700160 20 BUY 0 0
81 CANCEL 700161 21 SELL 0 0
81 ADD 700162 20 BUY 57 10017
81 ADD 700163 21 SELL 86 10021
82 CANCEL 700162 20 BUY 0 0
82 CANCEL 700163 21 SELL 0 0
82 ADD 700164 20 BUY 35 10017
82 ADD 700165 21 SELL 44 10021
83 CANCEL 700164 20 BUY 0 0
83 CANCEL 700165 21 SELL 0 0
83 ADD 700166 20 BUY 57 10019
83 ADD 700167 21 SELL 118 10021
84 CANCEL 700166 20 BUY 0 0
84 CANCEL 700167 21 SELL 0 0
84 ADD 700168 20 BUY 42 10018
84 ADD 700169 21 SELL 75 10020
85 CANCEL 700168 20 BUY 0 0
85 CANCEL 700169 21 SELL 0 0
85 ADD 700170 20 BUY 93 10016
85 ADD 700171 21 SELL 46 10018
86 CANCEL 700170 20 BUY 0 0
86 CANCEL 700171 21 SELL 0 0
86 ADD 700172 20 BUY 95 10019
86 ADD 700173 21 SELL 38 10021
87 CANCEL 700172 20 BUY 0 0
87 CANCEL 700173 21 SELL 0 0
87 ADD 700174 20 BUY 88 10019
87 ADD 700175 21 SELL 41 10021
88 CANCEL 700174 20 BUY 0 0
88 CANCEL 700175 21 SELL 0 0
88 ADD 700176 20 BUY 89 10021
88 ADD 700177 21 SELL 36 10023
89 CANCEL 700176 20 BUY 0 0
89 CANCEL 700177 21 SELL 0 0
89 ADD 700178 20 BUY 59 10019
89 ADD 700179 21 SELL 28 10021
90 CANCEL 700178 20 BUY 0 0
90 CANCEL 700179 21 SELL 0 0
90 ADD 700180 20 BUY 54 10019
90 ADD 700181 21 SELL 88 10021
91 CANCEL 700180 20 BUY 0 0
91 CANCEL 700181 21 SELL 0 0
91 ADD 700182 20 BUY 22 10016
91 ADD 700183 21 SELL 67 10020
92 CANCEL 700182 20 BUY 0 0
92 CANCEL 700183 21 SELL 0 0
92 ADD 700184 20 BUY 46 10015
92 ADD 700185 21 SELL 159 10019
93 CANCEL 700184 20 BUY 0 0
93 CANCEL 700185 21 SELL 0 0
93 ADD 700186 20 BUY 18 10015
93 ADD 700187 21 SELL 90 10021
94 CANCEL 700186 20 BUY 0 0
94 CANCEL 700187 21 SELL 0 0
94 ADD 700188 20 BUY 123 10015
94 ADD 700189 21 SELL 79 10017
95 CANCEL 700188 20 BUY 0 0
95 CANCEL 700189 21 SELL 0 0
95 ADD 700190 20 BUY 97 10016
95 ADD 700191 21 SELL 10 10018
96 CANCEL 700190 20 BUY 0 0
96 CANCEL 700191 21 SELL 0 0
96 ADD 700192 20 BUY 80 10015
96 ADD 700193 21 SELL 75 10017
97 CANCEL 700192 20 BUY 0 0
97 CANCEL 700193 21 SELL 0 0
97 ADD 700194 20 BUY 187 10015
97 ADD 700195 21 SELL 9 10019
98 CANCEL 700194 20 BUY 0 0
98 CANCEL 700195 21 SELL 0 0
98 ADD 700196 20 BUY 136 10019
98 ADD 700197 21 SELL 8 10021
99 CANCEL 700196 20 BUY 0 0
99 CANCEL 700197 21 SELL 0 0
99 ADD 700198 20 BUY 80 10021
99 ADD 700199 21 SELL 20 10025
100 CANCEL 700198 20 BUY 0 0
100 CANCEL 700199 21 SELL 0 0
100 ADD 700200 20 BUY 114 10026
100 ADD 700201 21 SELL 46 10028
101 CANCEL 700200 20 BUY 0 0
101 CANCEL 700201 21 SELL 0 0
101 ADD 700202 20 BUY 127 10027
101 ADD 700203 21 SELL 84 10031
102 CANCEL 700202 20 BUY 0 0
102 CANCEL 700203 21 SELL 0 0
102 ADD 700204 20 BUY 106 10028
102 ADD 700205 21 SELL 54 10030
103 CANCEL 700204 20 BUY 0 0
103 CANCEL 700205 21 SELL 0 0
103 ADD 700206 20 BUY 40 10029
103 ADD 700207 21 SELL 79 10031
104 CANCEL 700206 20 BUY 0 0
104 CANCEL 700207 21 SELL 0 0
104 ADD 700208 20 BUY 11 10026
104 ADD 700209 21 SELL 90 10030
105 CANCEL 700208 20 BUY 0 0
105 CANCEL 700209 21 SELL 0 0
105 ADD 700210 20 BUY 45 10023
105 ADD 700211 21 SELL 89 10027
106 CANCEL 700210 20 BUY 0 0
106 CANCEL 700211 21 SELL 0 0
106 ADD 700212 20 BUY 137 10025
106 ADD 700213 21 SELL 24 10027
107 CANCEL 700212 20 BUY 0 0
107 CANCEL 700213 21 SELL 0 0
107 ADD 700214 20 BUY 90 10026
107 ADD 700215 21 SELL 12 10028
108 CANCEL 700214 20 BUY 0 0
108 CANCEL 700215 21 SELL 0 0
108 ADD 700216 20 BUY 110 10025
108 ADD 700217 21 SELL 85 10027
109 CANCEL 700216 20 BUY 0 0
109 CANCEL 700217 21 SELL 0 0
109 ADD 700218 20 BUY 89 10022
109 ADD 700219 21 SELL 118 10026
110 CANCEL 700218 20 BUY 0 0
110 CANCEL 700219 21 SELL 0 0
110 ADD 700220 20 BUY 27 10022
110 ADD 700221 21 SELL 63 10024
111 CANCEL 700220 20 BUY 0 0
111 CANCEL 700221 21 SELL 0 0
111 ADD 700222 20 BUY 70 10021
111 ADD 700223 21 SELL 103 10023
112 CANCEL 700222 20 BUY 0 0
112 CANCEL 700223 21 SELL 0 0
112 ADD 700224 20 BUY 47 10020
112 ADD 700225 21 SELL 112 10022
113 CANCEL 700224 20 BUY 0 0
113 CANCEL 700225 21 SELL 0 0
113 ADD 700226 20 BUY 31 10018
113 ADD 700227 21 SELL 61 10024
114 CANCEL 700226 20 BUY 0 0
114 CANCEL 700227 21 SELL 0 0
114 ADD 700228 20 BUY 23 10017
114 ADD 700229 21 SELL 164 10019
115 CANCEL 700228 20 BUY 0 0
115 CANCEL 700229 21 SELL 0 0
115 ADD 700230 20 BUY 12 10017
115 ADD 700231 21 SELL 102 10019
116 CANCEL 700230 20 BUY 0 0
116 CANCEL 700231 21 SELL 0 0
116 ADD 700232 20 BUY 15 10013
116 ADD 700233 21 SELL 85 10015
117 CANCEL 700232 20 BUY 0 0
117 CANCEL 700233 21 SELL 0 0
117 ADD 700234 20 BUY 8 10005
117 ADD 700235 21 SELL 125 10011
118 CANCEL 700234 20 BUY 0 0
118 CANCEL 700235 21 SELL 0 0
118 ADD 700236 20 BUY 8 10002
118 ADD 700237 21 SELL 105 10008
119 CANCEL 700236 20 BUY 0 0
119 CANCEL 700237 21 SELL 0 0
119 ADD 700238 20 BUY 16 10002
119 ADD 700239 21 SELL 124 10004
120 CANCEL 700238 20 BUY 0 0
120 CANCEL 700239 21 SELL 0 0
120 ADD 700240 20 BUY 42 9997
120 ADD 700241 21 SELL 113 9999
121 CANCEL 700240 20 BUY 0 0
121 CANCEL 700241 21 SELL 0 0
121 ADD 700242 20 BUY 99 9994
121 ADD 700243 21 SELL 26 10000
122 CANCEL 700242 20 BUY 0 0
122 CANCEL 700243 21 SELL 0 0
122 ADD 700244 20 BUY 18 9998
122 ADD 700245 21 SELL 72 10000
123 CANCEL 700244 20 BUY 0 0
123 CANCEL 700245 21 SELL 0 0
123 ADD 700246 20 BUY 30 9994
123 ADD 700247 21 SELL 63 9996
124 CANCEL 700246 20 BUY 0 0
124 CANCEL 700247 21 SELL 0 0
124 ADD 700248 20 BUY 8 9991
124 ADD 700249 21 SELL 119 9995
125 CANCEL 700248 20 BUY 0 0
125 CANCEL 700249 21 SELL 0 0
125 ADD 700250 20 BUY 8 9988
125 ADD 700251 21 SELL 93 9990
126 CANCEL 700250 20 BUY 0 0
126 CANCEL 700251 21 SELL 0 0
126 ADD 700252 20 BUY 30 9983
126 ADD 700253 21 SELL 65 9985
127 CANCEL 700252 20 BUY 0 0
127 CANCEL 700253 21 SELL 0 0
127 ADD 700254 20 BUY 46 9981
127 ADD 700255 21 SELL 131 9983
128 CANCEL 700254 20 BUY 0 0
128 CANCEL 700255 21 SELL 0 0
128 ADD 700256 20 BUY 8 9980
128 ADD 700257 21 SELL 94 9982
129 CANCEL 700256 20 BUY 0 0
129 CANCEL 700257 21 SELL 0 0
129 ADD 700258 20 BUY 59 9980
129 ADD 700259 21 SELL 86 9982
130 CANCEL 700258 20 BUY 0 0
130 CANCEL 700259 21 SELL 0 0
130 ADD 700260 20 BUY 105 9980
130 ADD 700261 21 SELL 67 9984
131 CANCEL 700260 20 BUY 0 0
131 CANCEL 700261 21 SELL 0 0
131 ADD 700262 20 BUY 12 9983
131 ADD 700263 21 SELL 66 9985
132 CANCEL 700262 20 BUY 0 0
132 CANCEL 700263 21 SELL 0 0
132 ADD 700264 20 BUY 90 9982
132 ADD 700265 21 SELL 84 9984
133 CANCEL 700264 20 BUY 0 0
133 CANCEL 700265 21 SELL 0 0
133 ADD 700266 20 BUY 53 9980
133 ADD 700267 21 SELL 121 9982
134 CANCEL 700266 20 BUY 0 0
134 CANCEL 700267 21 SELL 0 0
134 ADD 700268 20 BUY 43 9977
134 ADD 700269 21 SELL 58 9981
135 CANCEL 700268 20 BUY 0 0
135 CANCEL 700269 21 SELL 0 0
135 ADD 700270 20 BUY 101 9978
135 ADD 700271 21 SELL 99 9980
136 CANCEL 700270 20 BUY 0 0
136 CANCEL 700271 21 SELL 0 0
136 ADD 700272 20 BUY 77 9979
136 ADD 700273 21 SELL 35 9981
137 CANCEL 700272 20 BUY 0 0
137 CANCEL 700273 21 SELL 0 0
137 ADD 700274 20 BUY 23 9979
137 ADD 700275 21 SELL 61 9981
138 CANCEL 700274 20 BUY 0 0
138 CANCEL 700275 21 SELL 0 0
138 ADD 700276 20 BUY 77 9979
138 ADD 700277 21 SELL 54 9983
139 CANCEL 700276 20 BUY 0 0
139 CANCEL 700277 21 SELL 0 0
139 ADD 700278 20 BUY 107 9983
139 ADD 700279 21 SELL 48 9985
140 CANCEL 700278 20 BUY 0 0
140 CANCEL 700279 21 SELL 0 0
140 ADD 700280 20 BUY 65 9983
140 ADD 700281 21 SELL 143 9985
141 CANCEL 700280 20 BUY 0 0
141 CANCEL 700281 21 SELL 0 0
141 ADD 700282 20 BUY 42 9981
141 ADD 700283 21 SELL 161 9983
142 CANCEL 700282 20 BUY 0 0
142 CANCEL 700283 21 SELL 0 0
142 ADD 700284 20 BUY 92 9977
142 ADD 700285 21 SELL 85 9979
143 CANCEL 700284 20 BUY 0 0
143 CANCEL 700285 21 SELL 0 0
143 ADD 700286 20 BUY 140 9978
143 ADD 700287 21 SELL 79 9982
144 CANCEL 700286 20 BUY 0 0
144 CANCEL 700287 21 SELL 0 0
144 ADD 700288 20 BUY 15 9980
144 ADD 700289 21 SELL 55 9984
145 CANCEL 700288 20 BUY 0 0
145 CANCEL 700289 21 SELL 0 0
145 ADD 700290 20 BUY 27 9980
145 ADD 700291 21 SELL 91 9982
146 CANCEL 700290 20 BUY 0 0
146 CANCEL 700291 21 SELL 0 0
146 ADD 700292 20 BUY 21 9975
146 ADD 700293 21 SELL 134 9977
147 CANCEL 700292 20 BUY 0 0
147 CANCEL 700293 21 SELL 0 0
147 ADD 700294 20 BUY 8 9974
147 ADD 700295 21 SELL 118 9976
148 CANCEL 700294 20 BUY 0 0
148 CANCEL 700295 21 SELL 0 0
148 ADD 700296 20 BUY 34 9971
148 ADD 700297 21 SELL 161 9973
149 CANCEL 700296 20 BUY 0 0
149 CANCEL 700297 21 SELL 0 0
149 ADD 700298 20 BUY 8 9969
149 ADD 700299 21 SELL 80 9973
150 CANCEL 700298 20 BUY 0 0
150 CANCEL 700299 21 SELL 0 0
150 ADD 700300 20 BUY 8 9966
150 ADD 700301 21 SELL 105 9970
151 CANCEL 700300 20 BUY 0 0
151 CANCEL 700301 21 SELL 0 0
151 ADD 700302 20 BUY 8 9965
151 ADD 700303 21 SELL 102 9967
152 CANCEL 700302 20 BUY 0 0
152 CANCEL 700303 21 SELL 0 0
152 ADD 700304 20 BUY 19 9965
152 ADD 700305 21 SELL 80 9967
153 CANCEL 700304 20 BUY 0 0
153 CANCEL 700305 21 SELL 0 0
153 ADD 700306 20 BUY 16 9966
153 ADD 700307 21 SELL 64 9968
154 CANCEL 700306 20 BUY 0 0
154 CANCEL 700307 21 SELL 0 0
154 ADD 700308 20 BUY 8 9963
154 ADD 700309 21 SELL 163 9965
155 CANCEL 700308 20 BUY 0 0
155 CANCEL 700309 21 SELL 0 0
155 ADD 700310 20 BUY 18 9961
155 ADD 700311 21 SELL 82 9963
156 CANCEL 700310 20 BUY 0 0
156 CANCEL 700311 21 SELL 0 0
156 ADD 700312 20 BUY 15 9959
156 ADD 700313 21 SELL 153 9961
157 CANCEL 700312 20 BUY 0 0
157 CANCEL 700313 21 SELL 0 0
157 ADD 700314 20 BUY 13 9958
157 ADD 700315 21 SELL 111 9960
158 CANCEL 700314 20 BUY 0 0
158 CANCEL 700315 21 SELL 0 0
158 ADD 700316 20 BUY 9 9954
158 ADD 700317 21 SELL 156 9956
159 CANCEL 700316 20 BUY 0 0
159 CANCEL 700317 21 SELL 0 0
159 ADD 700318 20 BUY 8 9950
159 ADD 700319 21 SELL 81 9952
160 CANCEL 700318 20 BUY 0 0
160 CANCEL 700319 21 SELL 0 0
160 ADD 700320 20 BUY 35 9948
160 ADD 700321 21 SELL 42 9950
161 CANCEL 700320 20 BUY 0 0
161 CANCEL 700321 21 SELL 0 0
161 ADD 700322 20 BUY 76 9947
161 ADD 700323 21 SELL 111 9949
162 CANCEL 700322 20 BUY 0 0
162 CANCEL 700323 21 SELL 0 0
162 ADD 700324 20 BUY 92 9947
162 ADD 700325 21 SELL 109 9951
163 CANCEL 700324 20 BUY 0 0
163 CANCEL 700325 21 SELL 0 0
163 ADD 700326 20 BUY 11 9949
163 ADD 700327 21 SELL 131 9951
164 CANCEL 700326 20 BUY 0 0
164 CANCEL 700327 21 SELL 0 0
164 ADD 700328 20 BUY 96 9948
164 ADD 700329 21 SELL 46 9950
165 CANCEL 700328 20 BUY 0 0
165 CANCEL 700329 21 SELL 0 0
165 ADD 700330 20 BUY 71 9946
165 ADD 700331 21 SELL 70 9948
166 CANCEL 700330 20 BUY 0 0
166 CANCEL 700331 21 SELL 0 0
166 ADD 700332 20 BUY 107 9949
166 ADD 700333 21 SELL 21 9951
167 CANCEL 700332 20 BUY 0 0
167 CANCEL 700333 21 SELL 0 0
167 ADD 700334 20 BUY 135 9954
167 ADD 700335 21 SELL 58 9956
168 CANCEL 700334 20 BUY 0 0
168 CANCEL 700335 21 SELL 0 0
168 ADD 700336 20 BUY 131 9956
168 ADD 700337 21 SELL 8 9958
169 CANCEL 700336 20 BUY 0 0
169 CANCEL 700337 21 SELL 0 0
169 ADD 700338 20 BUY 73 9960
169 ADD 700339 21 SELL 19 9962
170 CANCEL 700338 20 BUY 0 0
170 CANCEL 700339 21 SELL 0 0
170 ADD 700340 20 BUY 88 9965
170 ADD 700341 21 SELL 8 9967
171 CANCEL 700340 20 BUY 0 0
171 CANCEL 700341 21 SELL 0 0
171 ADD 700342 20 BUY 106 9968
171 ADD 700343 21 SELL 72 9970
172 CANCEL 700342 20 BUY 0 0
172 CANCEL 700343 21 SELL 0 0
172 ADD 700344 20 BUY 8 9973
172 ADD 700345 21 SELL 173 9975
173 CANCEL 700344 20 BUY 0 0
173 CANCEL 700345 21 SELL 0 0
173 ADD 700346 20 BUY 38 9974
173 ADD 700347 21 SELL 112 9978
174 CANCEL 700346 20 BUY 0 0
174 CANCEL 700347 21 SELL 0 0
174 ADD 700348 20 BUY 11 9974
174 ADD 700349 21 SELL 156 9976
175 CANCEL 700348 20 BUY 0 0
175 CANCEL 700349 21 SELL 0 0
175 ADD 700350 20 BUY 100 9971
175 ADD 700351 21 SELL 103 9975
176 CANCEL 700350 20 BUY 0 0
176 CANCEL 700351 21 SELL 0 0
176 ADD 700352 20 BUY 40 9973
176 ADD 700353 21 SELL 73 9975
177 CANCEL 700352 20 BUY 0 0
177 CANCEL 700353 21 SELL 0 0
177 ADD 700354 20 BUY 126 9974
177 ADD 700355 21 SELL 8 9976
178 CANCEL 700354 20 BUY 0 0
178 CANCEL 700355 21 SELL 0 0
178 ADD 700356 20 BUY 111 9977
178 ADD 700357 21 SELL 58 9981
179 CANCEL 700356 20 BUY 0 0
179 CANCEL 700357 21 SELL 0 0
179 ADD 700358 20 BUY 115 9980
179 ADD 700359 21 SELL 28 9984
180 CANCEL 700358 20 BUY 0 0
180 CANCEL 700359 21 SELL 0 0
180 ADD 700360 20 BUY 107 9983
180 ADD 700361 21 SELL 20 9985
181 CANCEL 700360 20 BUY 0 0
181 CANCEL 700361 21 SELL 0 0
181 ADD 700362 20 BUY 52 9985
181 ADD 700363 21 SELL 130 9989
182 CANCEL 700362 20 BUY 0 0
182 CANCEL 700363 21 SELL 0 0
182 ADD 700364 20 BUY 11 9987
182 ADD 700365 21 SELL 79 9989
183 CANCEL 700364 20 BUY 0 0
183 CANCEL 700365 21 SELL 0 0
183 ADD 700366 20 BUY 73 9985
183 ADD 700367 21 SELL 130 9987
184 CANCEL 700366 20 BUY 0 0
184 CANCEL 700367 21 SELL 0 0
184 ADD 700368 20 BUY 14 9985
184 ADD 700369 21 SELL 147 9987
185 CANCEL 700368 20 BUY 0 0
185 CANCEL 700369 21 SELL 0 0
185 ADD 700370 20 BUY 8 9982
185 ADD 700371 21 SELL 134 9984
186 CANCEL 700370 20 BUY 0 0
186 CANCEL 700371 21 SELL 0 0
186 ADD 700372 20 BUY 25 9978
186 ADD 700373 21 SELL 114 9982
187 CANCEL 700372 20 BUY 0 0
187 CANCEL 700373 21 SELL 0 0
187 ADD 700374 20 BUY 42 9976
187 ADD 700375 21 SELL 130 9978
188 CANCEL 700374 20 BUY 0 0
188 CANCEL 700375 21 SELL 0 0
188 ADD 700376 20 BUY 46 9975
188 ADD 700377 21 SELL 68 9977
189 CANCEL 700376 20 BUY 0 0
189 CANCEL 700377 21 SELL 0 0
189 ADD 700378 20 BUY 74 9976
189 ADD 700379 21 SELL 79 9978
190 CANCEL 700378 20 BUY 0 0
190 CANCEL 700379 21 SELL 0 0
190 ADD 700380 20 BUY 64 9979
190 ADD 700381 21 SELL 25 9981
191 CANCEL 700380 20 BUY 0 0
191 CANCEL 700381 21 SELL 0 0
191 ADD 700382 20 BUY 137 9979
191 ADD 700383 21 SELL 8 9983
192 CANCEL 700382 20 BUY 0 0
192 CANCEL 700383 21 SELL 0 0
192 ADD 700384 20 BUY 169 9982
192 ADD 700385 21 SELL 11 9984
193 CANCEL 700384 20 BUY 0 0
193 CANCEL 700385 21 SELL 0 0
193 ADD 700386 20 BUY 73 9987
193 ADD 700387 21 SELL 49 9989
194 CANCEL 700386 20 BUY 0 0
194 CANCEL 700387 21 SELL 0 0
194 ADD 700388 20 BUY 79 9986
194 ADD 700389 21 SELL 114 9990
195 CANCEL 700388 20 BUY 0 0
195 CANCEL 700389 21 SELL 0 0
195 ADD 700390 20 BUY 144 9988
195 ADD 700391 21 SELL 31 9992
196 CANCEL 700390 20 BUY 0 0
196 CANCEL 700391 21 SELL 0 0
196 ADD 700392 20 BUY 57 9989
196 ADD 700393 21 SELL 29 9995
197 CANCEL 700392 20 BUY 0 0
197 CANCEL 700393 21 SELL 0 0
197 ADD 700394 20 BUY 123 9995
197 ADD 700395 21 SELL 8 9997
198 CANCEL 700394 20 BUY 0 0
198 CANCEL 700395 21 SELL 0 0
198 ADD 700396 20 BUY 8 9997
198 ADD 700397 21 SELL 67 9999
199 CANCEL 700396 20 BUY 0 0
199 CANCEL 700397 21 SELL 0 0
199 ADD 700398 20 BUY 118 9991
199 ADD 700399 21 SELL 48 9995
200 CANCEL 700398 20 BUY 0 0
200 CANCEL 700399 21 SELL 0 0
200 ADD 700400 20 BUY 13 9992
200 ADD 700401 21 SELL 137 9994
201 CANCEL 700400 20 BUY 0 0
201 CANCEL 700401 21 SELL 0 0
201 ADD 700402 20 BUY 36 9989
201 ADD 700403 21 SELL 115 9991
202 CANCEL 700402 20 BUY 0 0
202 CANCEL 700403 21 SELL 0 0
202 ADD 700404 20 BUY 140 9988
202 ADD 700405 21 SELL 41 9992
203 CANCEL 700404 20 BUY 0 0
203 CANCEL 700405 21 SELL 0 0
203 ADD 700406 20 BUY 137 9994
203 ADD 700407 21 SELL 8 9996
204 CANCEL 700406 20 BUY 0 0
204 CANCEL 700407 21 SELL 0 0
204 ADD 700408 20 BUY 131 9996
204 ADD 700409 21 SELL 55 9998
205 CANCEL 700408 20 BUY 0 0
205 CANCEL 700409 21 SELL 0 0
205 ADD 700410 20 BUY 129 9999
205 ADD 700411 21 SELL 16 10005
206 CANCEL 700410 20 BUY 0 0
206 CANCEL 700411 21 SELL 0 0
206 ADD 700412 20 BUY 96 10002
206 ADD 700413 21 SELL 62 10004
207 CANCEL 700412 20 BUY 0 0
207 CANCEL 700413 21 SELL 0 0
207 ADD 700414 20 BUY 113 10002
207 ADD 700415 21 SELL 17 10004
208 CANCEL 700414 20 BUY 0 0
208 CANCEL 700415 21 SELL 0 0
208 ADD 700416 20 BUY 64 10002
208 ADD 700417 21 SELL 50 10004
209 CANCEL 700416 20 BUY 0 0
209 CANCEL 700417 21 SELL 0 0
209 ADD 700418 20 BUY 67 10003
209 ADD 700419 21 SELL 28 10005
210 CANCEL 700418 20 BUY 0 0
210 CANCEL 700419 21 SELL 0 0
210 ADD 700420 20 BUY 30 10002
210 ADD 700421 21 SELL 97 10004
211 CANCEL 700420 20 BUY 0 0
211 CANCEL 700421 21 SELL 0 0
211 ADD 700422 20 BUY 8 10001
211 ADD 700423 21 SELL 151 10003
212 CANCEL 700422 20 BUY 0 0
212 CANCEL 700423 21 SELL 0 0
212 ADD 700424 20 BUY 8 10000
212 ADD 700425 21 SELL 99 10002
213 CANCEL 700424 20 BUY 0 0
213 CANCEL 700425 21 SELL 0 0
213 ADD 700426 20 BUY 40 9998
213 ADD 700427 21 SELL 75 10000
214 CANCEL 700426 20 BUY 0 0
214 CANCEL 700427 21 SELL 0 0
214 ADD 700428 20 BUY 8 9995
214 ADD 700429 21 SELL 107 9997
215 CANCEL 700428 20 BUY 0 0
215 CANCEL 700429 21 SELL 0 0
215 ADD 700430 20 BUY 8 9990
215 ADD 700431 21 SELL 93 9992
216 CANCEL 700430 20 BUY 0 0
216 CANCEL 700431 21 SELL 0 0
216 ADD 700432 20 BUY 12 9988
216 ADD 700433 21 SELL 150 9990
217 CANCEL 700432 20 BUY 0 0
217 CANCEL 700433 21 SELL 0 0
217 ADD 700434 20 BUY 16 9985
217 ADD 700435 21 SELL 90 9987
218 CANCEL 700434 20 BUY 0 0
218 CANCEL 700435 21 SELL 0 0
218 ADD 700436 20 BUY 10 9985
218 ADD 700437 21 SELL 128 9987
219 CANCEL 700436 20 BUY 0 0
219 CANCEL 700437 21 SELL 0 0
219 ADD 700438 20 BUY 10 9984
219 ADD 700439 21 SELL 150 9986
220 CANCEL 700438 20 BUY 0 0
220 CANCEL 700439 21 SELL 0 0
220 ADD 700440 20 BUY 20 9981
220 ADD 700441 21 SELL 95 9983
221 CANCEL 700440 20 BUY 0 0
221 CANCEL 700441 21 SELL 0 0
221 ADD 700442 20 BUY 19 9977
221 ADD 700443 21 SELL 162 9979
222 CANCEL 700442 20 BUY 0 0
222 CANCEL 700443 21 SELL 0 0
222 ADD 700444 20 BUY 41 9974
222 ADD 700445 21 SELL 154 9978
223 CANCEL 700444 20 BUY 0 0
223 CANCEL 700445 21 SELL 0 0
223 ADD 700446 20 BUY 8 9976
223 ADD 700447 21 SELL 95 9978
224 CANCEL 700446 20 BUY 0 0
224 CANCEL 700447 21 SELL 0 0
224 ADD 700448 20 BUY 15 9976
224 ADD 700449 21 SELL 106 9978
225 CANCEL 700448 20 BUY 0 0
225 CANCEL 700449 21 SELL 0 0
225 ADD 700450 20 BUY 26 9974
225 ADD 700451 21 SELL 129 9976
226 CANCEL 700450 20 BUY 0 0
226 CANCEL 700451 21 SELL 0 0
226 ADD 700452 20 BUY 14 9971
226 ADD 700453 21 SELL 173 9975
227 CANCEL 700452 20 BUY 0 0
227 CANCEL 700453 21 SELL 0 0
227 ADD 700454 20 BUY 24 9968
227 ADD 700455 21 SELL 151 9970
228 CANCEL 700454 20 BUY 0 0
228 CANCEL 700455 21 SELL 0 0
228 ADD 700456 20 BUY 28 9964
228 ADD 700457 21 SELL 92 9966
229 CANCEL 700456 20 BUY 0 0
229 CANCEL 700457 21 SELL 0 0
229 ADD 700458 20 BUY 14 9960
229 ADD 700459 21 SELL 76 9966
230 CANCEL 700458 20 BUY 0 0
230 CANCEL 700459 21 SELL 0 0
230 ADD 700460 20 BUY 22 9960
230 ADD 700461 21 SELL 90 9964
231 CANCEL 700460 20 BUY 0 0
231 CANCEL 700461 21 SELL 0 0
231 ADD 700462 20 BUY 82 9960
231 ADD 700463 21 SELL 35 9962
232 CANCEL 700462 20 BUY 0 0
232 CANCEL 700463 21 SELL 0 0
232 ADD 700464 20 BUY 53 9961
232 ADD 700465 21 SELL 91 9963
233 CANCEL 700464 20 BUY 0 0
233 CANCEL 700465 21 SELL 0 0
233 ADD 700466 20 BUY 92 9965
233 ADD 700467 21 SELL 83 9967
234 CANCEL 700466 20 BUY 0 0
234 CANCEL 700467 21 SELL 0 0
234 ADD 700468 20 BUY 52 9968
234 ADD 700469 21 SELL 56 9972
235 CANCEL 700468 20 BUY 0 0
235 CANCEL 700469 21 SELL 0 0
235 ADD 700470 20 BUY 80 9970
235 ADD 700471 21 SELL 37 9972
236 CANCEL 700470 20 BUY 0 0
236 CANCEL 700471 21 SELL 0 0
236 ADD 700472 20 BUY 65 9968
236 ADD 700473 21 SELL 102 9974
237 CANCEL 700472 20 BUY 0 0
237 CANCEL 700473 21 SELL 0 0
237 ADD 700474 20 BUY 12 9971
237 ADD 700475 21 SELL 75 9973
238 CANCEL 700474 20 BUY 0 0
238 CANCEL 700475 21 SELL 0 0
238 ADD 700476 20 BUY 24 9966
238 ADD 700477 21 SELL 156 9970
239 CANCEL 700476 20 BUY 0 0
239 CANCEL 700477 21 SELL 0 0
239 ADD 700478 20 BUY 8 9964
239 ADD 700479 21 SELL 133 9968
240 CANCEL 700478 20 BUY 0 0
240 CANCEL 700479 21 SELL 0 0
240 ADD 700480 20 BUY 87 9963
240 ADD 700481 21 SELL 42 9967
241 CANCEL 700480 20 BUY 0 0
241 CANCEL 700481 21 SELL 0 0
241 ADD 700482 20 BUY 39 9964
241 ADD 700483 21 SELL 166 9968
242 CANCEL 700482 20 BUY 0 0
242 CANCEL 700483 21 SELL 0 0
242 ADD 700484 20 BUY 43 9963
242 ADD 700485 21 SELL 45 9965
243 CANCEL 700484 20 BUY 0 0
243 CANCEL 700485 21 SELL 0 0
243 ADD 700486 20 BUY 90 9964
243 ADD 700487 21 SELL 8 9966
244 CANCEL 700486 20 BUY 0 0
244 CANCEL 700487 21 SELL 0 0
244 ADD 700488 20 BUY 124 9967
244 ADD 700489 21 SELL 17 9969
245 CANCEL 700488 20 BUY 0 0
245 CANCEL 700489 21 SELL 0 0
245 ADD 700490 20 BUY 110 9969
245 ADD 700491 21 SELL 39 9971
246 CANCEL 700490 20 BUY 0 0
246 CANCEL 700491 21 SELL 0 0
246 ADD 700492 20 BUY 56 9972
246 ADD 700493 21 SELL 32 9976
247 CANCEL 700492 20 BUY 0 0
247 CANCEL 700493 21 SELL 0 0
247 ADD 700494 20 BUY 80 9973
247 ADD 700495 21 SELL 8 9975
248 CANCEL 700494 20 BUY 0 0
248 CANCEL 700495 21 SELL 0 0
248 ADD 700496 20 BUY 195 9976
248 ADD 700497 21 SELL 8 9980
249 CANCEL 700496 20 BUY 0 0
249 CANCEL 700497 21 SELL 0 0
249 ADD 700498 20 BUY 93 9981
249 ADD 700499 21 SELL 20 9983
250 CANCEL 700498 20 BUY 0 0
250 CANCEL 700499 21 SELL 0 0
250 ADD 700500 20 BUY 96 9984
250 ADD 700501 21 SELL 8 9988
251 CANCEL 700500 20 BUY 0 0
251 CANCEL 700501 21 SELL 0 0
251 ADD 700502 20 BUY 169 9985
251 ADD 700503 21 SELL 20 9987
252 CANCEL 700502 20 BUY 0 0
252 CANCEL 700503 21 SELL 0 0
252 ADD 700504 20 BUY 108 9987
252 ADD 700505 21 SELL 8 9989
253 CANCEL 700504 20 BUY 0 0
253 CANCEL 700505 21 SELL 0 0
253 ADD 700506 20 BUY 129 9987
253 ADD 700507 21 SELL 14 9993
254 CANCEL 700506 20 BUY 0 0
254 CANCEL 700507 21 SELL 0 0
254 ADD 700508 20 BUY 86 9995
254 ADD 700509 21 SELL 8 9999
255 CANCEL 700508 20 BUY 0 0
255 CANCEL 700509 21 SELL 0 0
255 ADD 700510 20 BUY 100 9999
255 ADD 700511 21 SELL 17 10001
256 CANCEL 700510 20 BUY 0 0
256 CANCEL 700511 21 SELL 0 0
256 ADD 700512 20 BUY 129 10002
256 ADD 700513 21 SELL 60 10004
257 CANCEL 700512 20 BUY 0 0
257 CANCEL 700513 21 SELL 0 0
257 ADD 700514 20 BUY 116 10003
257 ADD 700515 21 SELL 30 10007
258 CANCEL 700514 20 BUY 0 0
258 CANCEL 700515 21 SELL 0 0
258 ADD 700516 20 BUY 42 10003
258 ADD 700517 21 SELL 56 10005
259 CANCEL 700516 20 BUY 0 0
259 CANCEL 700517 21 SELL 0 0
259 ADD 700518 20 BUY 20 10001
259 ADD 700519 21 SELL 89 10003
260 CANCEL 700518 20 BUY 0 0
260 CANCEL 700519 21 SELL 0 0
260 ADD 700520 20 BUY 161 9999
260 ADD 700521 21 SELL 8 10001
261 CANCEL 700520 20 BUY 0 0
261 CANCEL 700521 21 SELL 0 0
261 ADD 700522 20 BUY 117 10002
261 ADD 700523 21 SELL 8 10004
262 CANCEL 700522 20 BUY 0 0
262 CANCEL 700523 21 SELL 0 0
262 ADD 700524 20 BUY 145 10005
262 ADD 700525 21 SELL 13 10007
263 CANCEL 700524 20 BUY 0 0
263 CANCEL 700525 21 SELL 0 0
263 ADD 700526 20 BUY 103 10005
263 ADD 700527 21 SELL 8 10009
264 CANCEL 700526 20 BUY 0 0
264 CANCEL 700527 21 SELL 0 0
264 ADD 700528 20 BUY 85 10007
264 ADD 700529 21 SELL 29 10009
265 CANCEL 700528 20 BUY 0 0
265 CANCEL 700529 21 SELL 0 0
265 ADD 700530 20 BUY 130 10013
265 ADD 700531 21 SELL 21 10017
266 CANCEL 700530 20 BUY 0 0
266 CANCEL 700531 21 SELL 0 0
266 ADD 700532 20 BUY 67 10017
266 ADD 700533 21 SELL 20 10019
267 CANCEL 700532 20 BUY 0 0
267 CANCEL 700533 21 SELL 0 0
267 ADD 700534 20 BUY 166 10017
267 ADD 700535 21 SELL 8 10019
268 CANCEL 700534 20 BUY 0 0
268 CANCEL 700535 21 SELL 0 0
268 ADD 700536 20 BUY 100 10021
268 ADD 700537 21 SELL 25 10023
269 CANCEL 700536 20 BUY 0 0
269 CANCEL 700537 21 SELL 0 0
269 ADD 700538 20 BUY 104 10021
269 ADD 700539 21 SELL 47 10023
270 CANCEL 700538 20 BUY 0 0
270 CANCEL 700539 21 SELL 0 0
270 ADD 700540 20 BUY 76 10021
270 ADD 700541 21 SELL 84 10025
271 CANCEL 700540 20 BUY 0 0
271 CANCEL 700541 21 SELL 0 0
271 ADD 700542 20 BUY 165 10018
271 ADD 700543 21 SELL 8 10024
272 CANCEL 700542 20 BUY 0 0
272 CANCEL 700543 21 SELL 0 0
272 ADD 700544 20 BUY 203 10024
272 ADD 700545 21 SELL 8 10026
273 CANCEL 700544 20 BUY 0 0
273 CANCEL 700545 21 SELL 0 0
273 ADD 700546 20 BUY 73 10020
273 ADD 700547 21 SELL 8 10026
274 CANCEL 700546 20 BUY 0 0
274 CANCEL 700547 21 SELL 0 0
274 ADD 700548 20 BUY 136 10026
274 ADD 700549 21 SELL 8 10028
275 CANCEL 700548 20 BUY 0 0
275 CANCEL 700549 21 SELL 0 0
275 ADD 700550 20 BUY 71 10028
275 ADD 700551 21 SELL 43 10030
276 CANCEL 700550 20 BUY 0 0
276 CANCEL 700551 21 SELL 0 0
276 ADD 700552 20 BUY 30 10028
276 ADD 700553 21 SELL 58 10030
277 CANCEL 700552 20 BUY 0 0
277 CANCEL 700553 21 SELL 0 0
277 ADD 700554 20 BUY 32 10027
277 ADD 700555 21 SELL 60 10029
278 CANCEL 700554 20 BUY 0 0
278 CANCEL 700555 21 SELL 0 0
278 ADD 700556 20 BUY 177 10029
278 ADD 700557 21 SELL 20 10031
279 CANCEL 700556 20 BUY 0 0
279 CANCEL 700557 21 SELL 0 0
279 ADD 700558 20 BUY 159 10033
279 ADD 700559 21 SELL 38 10035
280 CANCEL 700558 20 BUY 0 0
280 CANCEL 700559 21 SELL 0 0
280 ADD 700560 20 BUY 137 10032
280 ADD 700561 21 SELL 8 10034
281 CANCEL 700560 20 BUY 0 0
281 CANCEL 700561 21 SELL 0 0
281 ADD 700562 20 BUY 161 10034
281 ADD 700563 21 SELL 15 10036
282 CANCEL 700562 20 BUY 0 0
282 CANCEL 700563 21 SELL 0 0
282 ADD 700564 20 BUY 92 10034
282 ADD 700565 21 SELL 8 10036
283 CANCEL 700564 20 BUY 0 0
283 CANCEL 700565 21 SELL 0 0
283 ADD 700566 20 BUY 157 10035
283 ADD 700567 21 SELL 10 10037
284 CANCEL 700566 20 BUY 0 0
284 CANCEL 700567 21 SELL 0 0
284 ADD 700568 20 BUY 126 10034
284 ADD 700569 21 SELL 50 10036
285 CANCEL 700568 20 BUY 0 0
285 CANCEL 700569 21 SELL 0 0
285 ADD 700570 20 BUY 206 10033
285 ADD 700571 21 SELL 8 10035
286 CANCEL 700570 20 BUY 0 0
286 CANCEL 700571 21 SELL 0 0
286 ADD 700572 20 BUY 87 10033
286 ADD 700573 21 SELL 101 10037
287 CANCEL 700572 20 BUY 0 0
287 CANCEL 700573 21 SELL 0 0
287 ADD 700574 20 BUY 38 10032
287 ADD 700575 21 SELL 103 10034
288 CANCEL 700574 20 BUY 0 0
288 CANCEL 700575 21 SELL 0 0
288 ADD 700576 20 BUY 37 10028
288 ADD 700577 21 SELL 52 10030
289 CANCEL 700576 20 BUY 0 0
289 CANCEL 700577 21 SELL 0 0
289 ADD 700578 20 BUY 150 10026
289 ADD 700579 21 SELL 8 10030
290 CANCEL 700578 20 BUY 0 0
290 CANCEL 700579 21 SELL 0 0
290 ADD 700580 20 BUY 117 10030
290 ADD 700581 21 SELL 34 10032
291 CANCEL 700580 20 BUY 0 0
291 CANCEL 700581 21 SELL 0 0
291 ADD 700582 20 BUY 38 10029
291 ADD 700583 21 SELL 96 10033
292 CANCEL 700582 20 BUY 0 0
292 CANCEL 700583 21 SELL 0 0
292 ADD 700584 20 BUY 29 10027
292 ADD 700585 21 SELL 174 10029
293 CANCEL 700584 20 BUY 0 0
293 CANCEL 700585 21 SELL 0 0
293 ADD 700586 20 BUY 44 10022
293 ADD 700587 21 SELL 42 10028
294 CANCEL 700586 20 BUY 0 0
294 CANCEL 700587 21 SELL 0 0
294 ADD 700588 20 BUY 87 10023
294 ADD 700589 21 SELL 79 10025
295 CANCEL 700588 20 BUY 0 0
295 CANCEL 700589 21 SELL 0 0
295 ADD 700590 20 BUY 128 10022
295 ADD 700591 21 SELL 60 10026
296 CANCEL 700590 20 BUY 0 0
296 CANCEL 700591 21 SELL 0 0
296 ADD 700592 20 BUY 65 10019
296 ADD 700593 21 SELL 71 10023
297 CANCEL 700592 20 BUY 0 0
297 CANCEL 700593 21 SELL 0 0
297 ADD 700594 20 BUY 100 10015
297 ADD 700595 21 SELL 53 10019
298 CANCEL 700594 20 BUY 0 0
298 CANCEL 700595 21 SELL 0 0
298 ADD 700596 20 BUY 90 10014
298 ADD 700597 21 SELL 119 10016
299 CANCEL 700596 20 BUY 0 0
299 CANCEL 700597 21 SELL 0 0
299 ADD 700598 20 BUY 58 10014
299 ADD 700599 21 SELL 37 10016
300 CANCEL 700598 20 BUY 0 0
300 CANCEL 700599 21 SELL 0 0
300 ADD 700600 20 BUY 22 10013
300 ADD 700601 21 SELL 91 10015
301 CANCEL 700600 20 BUY 0 0
301 CANCEL 700601 21 SELL 0 0
301 ADD 700602 20 BUY 9 10009
301 ADD 700603 21 SELL 169 10013
302 CANCEL 700602 20 BUY 0 0
302 CANCEL 700603 21 SELL 0 0
302 ADD 700604 20 BUY 80 10007
302 ADD 700605 21 SELL 81 10009
303 CANCEL 700604 20 BUY 0 0
303 CANCEL 700605 21 SELL 0 0
303 ADD 700606 20 BUY 108 10005
303 ADD 700607 21 SELL 62 10007
304 CANCEL 700606 20 BUY 0 0
304 CANCEL 700607 21 SELL 0 0
304 ADD 700608 20 BUY 43 10003
304 ADD 700609 21 SELL 40 10007
305 CANCEL 700608 20 BUY 0 0
305 CANCEL 700609 21 SELL 0 0
305 ADD 700610 20 BUY 124 10001
305 ADD 700611 21 SELL 60 10003
306 CANCEL 700610 20 BUY 0 0
306 CANCEL 700611 21 SELL 0 0
306 ADD 700612 20 BUY 96 10002
306 ADD 700613 21 SELL 73 10004
307 CANCEL 700612 20 BUY 0 0
307 CANCEL 700613 21 SELL 0 0
307 ADD 700614 20 BUY 79 10002
307 ADD 700615 21 SELL 51 10004
308 CANCEL 700614 20 BUY 0 0
308 CANCEL 700615 21 SELL 0 0
308 ADD 700616 20 BUY 89 10001
308 ADD 700617 21 SELL 69 10003
309 CANCEL 700616 20 BUY 0 0
309 CANCEL 700617 21 SELL 0 0
309 ADD 700618 20 BUY 108 10000
309 ADD 700619 21 SELL 26 10002
310 CANCEL 700618 20 BUY 0 0
310 CANCEL 700619 21 SELL 0 0
310 ADD 700620 20 BUY 114 10003
310 ADD 700621 21 SELL 68 10007
311 CANCEL 700620 20 BUY 0 0
311 CANCEL 700621 21 SELL 0 0
311 ADD 700622 20 BUY 98 10008
311 ADD 700623 21 SELL 8 10010
312 CANCEL 700622 20 BUY 0 0
312 CANCEL 700623 21 SELL 0 0
312 ADD 700624 20 BUY 74 10015
312 ADD 700625 21 SELL 15 10017
313 CANCEL 700624 20 BUY 0 0
313 CANCEL 700625 21 SELL 0 0
313 ADD 700626 20 BUY 99 10017
313 ADD 700627 21 SELL 36 10019
314 CANCEL 700626 20 BUY 0 0
314 CANCEL 700627 21 SELL 0 0
314 ADD 700628 20 BUY 84 10022
314 ADD 700629 21 SELL 29 10024
315 CANCEL 700628 20 BUY 0 0
315 CANCEL 700629 21 SELL 0 0
315 ADD 700630 20 BUY 122 10026
315 ADD 700631 21 SELL 8 10028
316 CANCEL 700630 20 BUY 0 0
316 CANCEL 700631 21 SELL 0 0
316 ADD 700632 20 BUY 78 10028
316 ADD 700633 21 SELL 8 10030
317 CANCEL 700632 20 BUY 0 0
317 CANCEL 700633 21 SELL 0 0
317 ADD 700634 20 BUY 95 10030
317 ADD 700635 21 SELL 8 10032
318 CANCEL 700634 20 BUY 0 0
318 CANCEL 700635 21 SELL 0 0
318 ADD 700636 20 BUY 81 10034
318 ADD 700637 21 SELL 13 10036
319 CANCEL 700636 20 BUY 0 0
319 CANCEL 700637 21 SELL 0 0
319 ADD 700638 20 BUY 187 10038
319 ADD 700639 21 SELL 8 10044
320 CANCEL 700638 20 BUY 0 0
320 CANCEL 700639 21 SELL 0 0
320 ADD 700640 20 BUY 117 10044
320 ADD 700641 21 SELL 17 10046
321 CANCEL 700640 20 BUY 0 0
321 CANCEL 700641 21 SELL 0 0
321 ADD 700642 20 BUY 126 10044
321 ADD 700643 21 SELL 19 10046
322 CANCEL 700642 20 BUY 0 0
322 CANCEL 700643 21 SELL 0 0
322 ADD 700644 20 BUY 169 10046
322 ADD 700645 21 SELL 11 10048
323 CANCEL 700644 20 BUY 0 0
323 CANCEL 700645 21 SELL 0 0
323 ADD 700646 20 BUY 166 10047
323 ADD 700647 21 SELL 8 10049
324 CANCEL 700646 20 BUY 0 0
324 CANCEL 700647 21 SELL 0 0
324 ADD 700648 20 BUY 144 10048
324 ADD 700649 21 SELL 8 10050
325 CANCEL 700648 20 BUY 0 0
325 CANCEL 700649 21 SELL 0 0
325 ADD 700650 20 BUY 109 10049
325 ADD 700651 21 SELL 8 10053
326 CANCEL 700650 20 BUY 0 0
326 CANCEL 700651 21 SELL 0 0
326 ADD 700652 20 BUY 131 10049
326 ADD 700653 21 SELL 8 10055
327 CANCEL 700652 20 BUY 0 0
327 CANCEL 700653 21 SELL 0 0
327 ADD 700654 20 BUY 168 10051
327 ADD 700655 21 SELL 21 10057
328 CANCEL 700654 20 BUY 0 0
328 CANCEL 700655 21 SELL 0 0
328 ADD 700656 20 BUY 146 10051
328 ADD 700657 21 SELL 27 10053
329 CANCEL 700656 20 BUY 0 0
329 CANCEL 700657 21 SELL 0 0
329 ADD 700658 20 BUY 135 10054
329 ADD 700659 21 SELL 13 10056
330 CANCEL 700658 20 BUY 0 0
330 CANCEL 700659 21 SELL 0 0
330 ADD 700660 20 BUY 71 10053
330 ADD 700661 21 SELL 14 10055
331 CANCEL 700660 20 BUY 0 0
331 CANCEL 700661 21 SELL 0 0
331 ADD 700662 20 BUY 143 10055
331 ADD 700663 21 SELL 32 10057
332 CANCEL 700662 20 BUY 0 0
332 CANCEL 700663 21 SELL 0 0
332 ADD 700664 20 BUY 129 10054
332 ADD 700665 21 SELL 31 10056
333 CANCEL 700664 20 BUY 0 0
333 CANCEL 700665 21 SELL 0 0
333 ADD 700666 20 BUY 98 10052
333 ADD 700667 21 SELL 18 10054
334 CANCEL 700666 20 BUY 0 0
334 CANCEL 700667 21 SELL 0 0
334 ADD 700668 20 BUY 153 10053
334 ADD 700669 21 SELL 33 10055
335 CANCEL 700668 20 BUY 0 0
335 CANCEL 700669 21 SELL 0 0
335 ADD 700670 20 BUY 149 10055
335 ADD 700671 21 SELL 15 10059
336 CANCEL 700670 20 BUY 0 0
336 CANCEL 700671 21 SELL 0 0
336 ADD 700672 20 BUY 75 10059
336 ADD 700673 21 SELL 11 10063
337 CANCEL 700672 20 BUY 0 0
337 CANCEL 700673 21 SELL 0 0
337 ADD 700674 20 BUY 96 10063
337 ADD 700675 21 SELL 25 10065
338 CANCEL 700674 20 BUY 0 0
338 CANCEL 700675 21 SELL 0 0
338 ADD 700676 20 BUY 105 10063
338 ADD 700677 21 SELL 63 10067
339 CANCEL 700676 20 BUY 0 0
339 CANCEL 700677 21 SELL 0 0
339 ADD 700678 20 BUY 24 10061
339 ADD 700679 21 SELL 77 10063
340 CANCEL 700678 20 BUY 0 0
340 CANCEL 700679 21 SELL 0 0
340 ADD 700680 20 BUY 60 10057
340 ADD 700681 21 SELL 105 10059
341 CANCEL 700680 20 BUY 0 0
341 CANCEL 700681 21 SELL 0 0
341 ADD 700682 20 BUY 62 10051
341 ADD 700683 21 SELL 32 10053
342 CANCEL 700682 20 BUY 0 0
342 CANCEL 700683 21 SELL 0 0
342 ADD 700684 20 BUY 105 10053
342 ADD 700685 21 SELL 90 10055
343 CANCEL 700684 20 BUY 0 0
343 CANCEL 700685 21 SELL 0 0
343 ADD 700686 20 BUY 16 10049
343 ADD 700687 21 SELL 121 10053
344 CANCEL 700686 20 BUY 0 0
344 CANCEL 700687 21 SELL 0 0
344 ADD 700688 20 BUY 51 10047
344 ADD 700689 21 SELL 88 10049
345 CANCEL 700688 20 BUY 0 0
345 CANCEL 700689 21 SELL 0 0
345 ADD 700690 20 BUY 78 10043
345 ADD 700691 21 SELL 33 10045
346 CANCEL 700690 20 BUY 0 0
346 CANCEL 700691 21 SELL 0 0
346 ADD 700692 20 BUY 131 10041
346 ADD 700693 21 SELL 68 10043
347 CANCEL 700692 20 BUY 0 0
347 CANCEL 700693 21 SELL 0 0
347 ADD 700694 20 BUY 89 10043
347 ADD 700695 21 SELL 11 10045
348 CANCEL 700694 20 BUY 0 0
348 CANCEL 700695 21 SELL 0 0
348 ADD 700696 20 BUY 131 10044
348 ADD 700697 21 SELL 62 10046
349 CANCEL 700696 20 BUY 0 0
349 CANCEL 700697 21 SELL 0 0
349 ADD 700698 20 BUY 109 10045
349 ADD 700699 21 SELL 41 10047
350 CANCEL 700698 20 BUY 0 0
350 CANCEL 700699 21 SELL 0 0
350 ADD 700700 20 BUY 158 10046
350 ADD 700701 21 SELL 36 10048
351 CANCEL 700700 20 BUY 0 0
351 CANCEL 700701 21 SELL 0 0
351 ADD 700702 20 BUY 98 10046
351 ADD 700703 21 SELL 8 10050
352 CANCEL 700702 20 BUY 0 0
352 CANCEL 700703 21 SELL 0 0
352 ADD 700704 20 BUY 176 10047
352 ADD 700705 21 SELL 16 10049
353 CANCEL 700704 20 BUY 0 0
353 CANCEL 700705 21 SELL 0 0
353 ADD 700706 20 BUY 129 10046
353 ADD 700707 21 SELL 14 10050
354 CANCEL 700706 20 BUY 0 0
354 CANCEL 700707 21 SELL 0 0
354 ADD 700708 20 BUY 111 10048
354 ADD 700709 21 SELL 10 10050
355 CANCEL 700708 20 BUY 0 0
355 CANCEL 700709 21 SELL 0 0
355 ADD 700710 20 BUY 119 10052
355 ADD 700711 21 SELL 40 10054
356 CANCEL 700710 20 BUY 0 0
356 CANCEL 700711 21 SELL 0 0
356 ADD 700712 20 BUY 125 10049
356 ADD 700713 21 SELL 59 10053
357 CANCEL 700712 20 BUY 0 0
357 CANCEL 700713 21 SELL 0 0
357 ADD 700714 20 BUY 185 10050
357 ADD 700715 21 SELL 10 10052
358 CANCEL 700714 20 BUY 0 0
358 CANCEL 700715 21 SELL 0 0
358 ADD 700716 20 BUY 103 10049
358 ADD 700717 21 SELL 48 10051
359 CANCEL 700716 20 BUY 0 0
359 CANCEL 700717 21 SELL 0 0
359 ADD 700718 20 BUY 64 10049
359 ADD 700719 21 SELL 30 10051
360 CANCEL 700718 20 BUY 0 0
360 CANCEL 700719 21 SELL 0 0
360 ADD 700720 20 BUY 199 10048
360 ADD 700721 21 SELL 13 10050
361 CANCEL 700720 20 BUY 0 0
361 CANCEL 700721 21 SELL 0 0
361 ADD 700722 20 BUY 105 10048
361 ADD 700723 21 SELL 23 10050
362 CANCEL 700722 20 BUY 0 0
362 CANCEL 700723 21 SELL 0 0
362 ADD 700724 20 BUY 81 10049
362 ADD 700725 21 SELL 85 10051
363 CANCEL 700724 20 BUY 0 0
363 CANCEL 700725 21 SELL 0 0
363 ADD 700726 20 BUY 30 10046
363 ADD 700727 21 SELL 104 10048
364 CANCEL 700726 20 BUY 0 0
364 CANCEL 700727 21 SELL 0 0
364 ADD 700728 20 BUY 63 10043
364 ADD 700729 21 SELL 98 10045
365 CANCEL 700728 20 BUY 0 0
365 CANCEL 700729 21 SELL 0 0
365 ADD 700730 20 BUY 43 10042
365 ADD 700731 21 SELL 116 10046
366 CANCEL 700730 20 BUY 0 0
366 CANCEL 700731 21 SELL 0 0
366 ADD 700732 20 BUY 66 10040
366 ADD 700733 21 SELL 41 10042
367 CANCEL 700732 20 BUY 0 0
367 CANCEL 700733 21 SELL 0 0
367 ADD 700734 20 BUY 55 10039
367 ADD 700735 21 SELL 94 10043
368 CANCEL 700734 20 BUY 0 0
368 CANCEL 700735 21 SELL 0 0
368 ADD 700736 20 BUY 29 10039
368 ADD 700737 21 SELL 112 10041
369 CANCEL 700736 20 BUY 0 0
369 CANCEL 700737 21 SELL 0 0
369 ADD 700738 20 BUY 8 10036
369 ADD 700739 21 SELL 99 10038
370 CANCEL 700738 20 BUY 0 0
370 CANCEL 700739 21 SELL 0 0
370 ADD 700740 20 BUY 53 10029
370 ADD 700741 21 SELL 144 10031
371 CANCEL 700740 20 BUY 0 0
371 CANCEL 700741 21 SELL 0 0
371 ADD 700742 20 BUY 8 10029
371 ADD 700743 21 SELL 89 10031
372 CANCEL 700742 20 BUY 0 0
372 CANCEL 700743 21 SELL 0 0
372 ADD 700744 20 BUY 33 10025
372 ADD 700745 21 SELL 165 10029
373 CANCEL 700744 20 BUY 0 0
373 CANCEL 700745 21 SELL 0 0
373 ADD 700746 20 BUY 35 10024
373 ADD 700747 21 SELL 96 10026
374 CANCEL 700746 20 BUY 0 0
374 CANCEL 700747 21 SELL 0 0
374 ADD 700748 20 BUY 36 10021
374 ADD 700749 21 SELL 90 10025
375 CANCEL 700748 20 BUY 0 0
375 CANCEL 700749 21 SELL 0 0
375 ADD 700750 20 BUY 64 10022
375 ADD 700751 21 SELL 19 10024
376 CANCEL 700750 20 BUY 0 0
376 CANCEL 700751 21 SELL 0 0
376 ADD 700752 20 BUY 85 10022
376 ADD 700753 21 SELL 122 10024
377 CANCEL 700752 20 BUY 0 0
377 CANCEL 700753 21 SELL 0 0
377 ADD 700754 20 BUY 97 10019
377 ADD 700755 21 SELL 45 10021
378 CANCEL 700754 20 BUY 0 0
378 CANCEL 700755 21 SELL 0 0
378 ADD 700756 20 BUY 55 10019
378 ADD 700757 21 SELL 47 10021
379 CANCEL 700756 20 BUY 0 0
379 CANCEL 700757 21 SELL 0 0
379 ADD 700758 20 BUY 157 10019
379 ADD 700759 21 SELL 24 10021
380 CANCEL 700758 20 BUY 0 0
380 CANCEL 700759 21 SELL 0 0
380 ADD 700760 20 BUY 138 10018
380 ADD 700761 21 SELL 10 10020
381 CANCEL 700760 20 BUY 0 0
381 CANCEL 700761 21 SELL 0 0
381 ADD 700762 20 BUY 79 10021
381 ADD 700763 21 SELL 17 10023
382 CANCEL 700762 20 BUY 0 0
382 CANCEL 700763 21 SELL 0 0
382 ADD 700764 20 BUY 52 10025
382 ADD 700765 21 SELL 62 10027
383 CANCEL 700764 20 BUY 0 0
383 CANCEL 700765 21 SELL 0 0
383 ADD 700766 20 BUY 62 10027
383 ADD 700767 21 SELL 103 10029
384 CANCEL 700766 20 BUY 0 0
384 CANCEL 700767 21 SELL 0 0
384 ADD 700768 20 BUY 126 10024
384 ADD 700769 21 SELL 79 10028
385 CANCEL 700768 20 BUY 0 0
385 CANCEL 700769 21 SELL 0 0
385 ADD 700770 20 BUY 95 10024
385 ADD 700771 21 SELL 31 10026
386 CANCEL 700770 20 BUY 0 0
386 CANCEL 700771 21 SELL 0 0
386 ADD 700772 20 BUY 144 10024
386 ADD 700773 21 SELL 8 10030
387 CANCEL 700772 20 BUY 0 0
387 CANCEL 700773 21 SELL 0 0
387 ADD 700774 20 BUY 74 10026
387 ADD 700775 21 SELL 25 10028
388 CANCEL 700774 20 BUY 0 0
388 CANCEL 700775 21 SELL 0 0
388 ADD 700776 20 BUY 99 10025
388 ADD 700777 21 SELL 10 10029
389 CANCEL 700776 20 BUY 0 0
389 CANCEL 700777 21 SELL 0 0
389 ADD 700778 20 BUY 52 10031
389 ADD 700779 21 SELL 115 10033
390 CANCEL 700778 20 BUY 0 0
390 CANCEL 700779 21 SELL 0 0
390 ADD 700780 20 BUY 53 10028
390 ADD 700781 21 SELL 138 10030
391 CANCEL 700780 20 BUY 0 0
391 CANCEL 700781 21 SELL 0 0
391 ADD 700782 20 BUY 8 10027
391 ADD 700783 21 SELL 135 10029
392 CANCEL 700782 20 BUY 0 0
392 CANCEL 700783 21 SELL 0 0
392 ADD 700784 20 BUY 35 10023
392 ADD 700785 21 SELL 151 10025
393 CANCEL 700784 20 BUY 0 0
393 CANCEL 700785 21 SELL 0 0
393 ADD 700786 20 BUY 73 10020
393 ADD 700787 21 SELL 97 10024
394 CANCEL 700786 20 BUY 0 0
394 CANCEL 700787 21 SELL 0 0
394 ADD 700788 20 BUY 38 10019
394 ADD 700789 21 SELL 132 10023
395 CANCEL 700788 20 BUY 0 0
395 CANCEL 700789 21 SELL 0 0
395 ADD 700790 20 BUY 80 10015
395 ADD 700791 21 SELL 43 10017
396 CANCEL 700790 20 BUY 0 0
396 CANCEL 700791 21 SELL 0 0
396 ADD 700792 20 BUY 58 10015
396 ADD 700793 21 SELL 33 10017
397 CANCEL 700792 20 BUY 0 0
397 CANCEL 700793 21 SELL 0 0
397 ADD 700794 20 BUY 14 10013
397 ADD 700795 21 SELL 88 10015
398 CANCEL 700794 20 BUY 0 0
398 CANCEL 700795 21 SELL 0 0
398 ADD 700796 20 BUY 41 10010
398 ADD 700797 21 SELL 125 10012
399 CANCEL 700796 20 BUY 0 0
399 CANCEL 700797 21 SELL 0 0
399 ADD 700798 20 BUY 64 10009
399 ADD 700799 21 SELL 93 10011
400 CANCEL 700798 20 BUY 0 0
400 CANCEL 700799 21 SELL 0 0
400 ADD 700800 20 BUY 43 10009
400 ADD 700801 21 SELL 134 10013
401 CANCEL 700800 20 BUY 0 0
401 CANCEL 700801 21 SELL 0 0
401 ADD 700802 20 BUY 52 10009
401 ADD 700803 21 SELL 130 10011
402 CANCEL 700802 20 BUY 0 0
402 CANCEL 700803 21 SELL 0 0
402 ADD 700804 20 BUY 104 10008
402 ADD 700805 21 SELL 59 10012
403 CANCEL 700804 20 BUY 0 0
403 CANCEL 700805 21 SELL 0 0
403 ADD 700806 20 BUY 79 10009
403 ADD 700807 21 SELL 20 10011
404 CANCEL 700806 20 BUY 0 0
404 CANCEL 700807 21 SELL 0 0
404 ADD 700808 20 BUY 18 10011
404 ADD 700809 21 SELL 94 10013
405 CANCEL 700808 20 BUY 0 0
405 CANCEL 700809 21 SELL 0 0
405 ADD 700810 20 BUY 16 10009
405 ADD 700811 21 SELL 139 10013
406 CANCEL 700810 20 BUY 0 0
406 CANCEL 700811 21 SELL 0 0
406 ADD 700812 20 BUY 10 10006
406 ADD 700813 21 SELL 141 10008
407 CANCEL 700812 20 BUY 0 0
407 CANCEL 700813 21 SELL 0 0
407 ADD 700814 20 BUY 17 10000
407 ADD 700815 21 SELL 107 10004
408 CANCEL 700814 20 BUY 0 0
408 CANCEL 700815 21 SELL 0 0
408 ADD 700816 20 BUY 8 10000
408 ADD 700817 21 SELL 210 10002
409 CANCEL 700816 20 BUY 0 0
409 CANCEL 700817 21 SELL 0 0
409 ADD 700818 20 BUY 22 9994
409 ADD 700819 21 SELL 94 9998
410 CANCEL 700818 20 BUY 0 0
410 CANCEL 700819 21 SELL 0 0
410 ADD 700820 20 BUY 15 9991
410 ADD 700821 21 SELL 115 9995
411 CANCEL 700820 20 BUY 0 0
411 CANCEL 700821 21 SELL 0 0
411 ADD 700822 20 BUY 8 9988
411 ADD 700823 21 SELL 83 9990
412 CANCEL 700822 20 BUY 0 0
412 CANCEL 700823 21 SELL 0 0
412 ADD 700824 20 BUY 8 9984
412 ADD 700825 21 SELL 175 9990
413 CANCEL 700824 20 BUY 0 0
413 CANCEL 700825 21 SELL 0 0
413 ADD 700826 20 BUY 16 9983
413 ADD 700827 21 SELL 175 9985
414 CANCEL 700826 20 BUY 0 0
414 CANCEL 700827 21 SELL 0 0
414 ADD 700828 20 BUY 22 9982
414 ADD 700829 21 SELL 193 9984
415 CANCEL 700828 20 BUY 0 0
415 CANCEL 700829 21 SELL 0 0
415 ADD 700830 20 BUY 16 9982
415 ADD 700831 21 SELL 139 9984
416 CANCEL 700830 20 BUY 0 0
416 CANCEL 700831 21 SELL 0 0
416 ADD 700832 20 BUY 8 9980
416 ADD 700833 21 SELL 189 9984
417 CANCEL 700832 20 BUY 0 0
417 CANCEL 700833 21 SELL 0 0
417 ADD 700834 20 BUY 49 9978
417 ADD 700835 21 SELL 148 9984
418 CANCEL 700834 20 BUY 0 0
418 CANCEL 700835 21 SELL 0 0
418 ADD 700836 20 BUY 17 9981
418 ADD 700837 21 SELL 102 9983
419 CANCEL 700836 20 BUY 0 0
419 CANCEL 700837 21 SELL 0 0
419 ADD 700838 20 BUY 35 9978
419 ADD 700839 21 SELL 162 9980
420 CANCEL 700838 20 BUY 0 0
420 CANCEL 700839 21 SELL 0 0
420 ADD 700840 20 BUY 96 9976
420 ADD 700841 21 SELL 69 9978
421 CANCEL 700840 20 BUY 0 0
421 CANCEL 700841 21 SELL 0 0
421 ADD 700842 20 BUY 48 9977
421 ADD 700843 21 SELL 83 9981
422 CANCEL 700842 20 BUY 0 0
422 CANCEL 700843 21 SELL 0 0
422 ADD 700844 20 BUY 83 9976
422 ADD 700845 21 SELL 11 9978
423 CANCEL 700844 20 BUY 0 0
423 CANCEL 700845 21 SELL 0 0
423 ADD 700846 20 BUY 116 9977
423 ADD 700847 21 SELL 8 9983
424 CANCEL 700846 20 BUY 0 0
424 CANCEL 700847 21 SELL 0 0
424 ADD 700848 20 BUY 21 9978
424 ADD 700849 21 SELL 81 9984
425 CANCEL 700848 20 BUY 0 0
425 CANCEL 700849 21 SELL 0 0
425 ADD 700850 20 BUY 18 9981
425 ADD 700851 21 SELL 127 9983
426 CANCEL 700850 20 BUY 0 0
426 CANCEL 700851 21 SELL 0 0
426 ADD 700852 20 BUY 106 9983
426 ADD 700853 21 SELL 71 9985
427 CANCEL 700852 20 BUY 0 0
427 CANCEL 700853 21 SELL 0 0
427 ADD 700854 20 BUY 84 9983
427 ADD 700855 21 SELL 60 9985
428 CANCEL 700854 20 BUY 0 0
428 CANCEL 700855 21 SELL 0 0
428 ADD 700856 20 BUY 144 9984
428 ADD 700857 21 SELL 27 9988
429 CANCEL 700856 20 BUY 0 0
429 CANCEL 700857 21 SELL 0 0
429 ADD 700858 20 BUY 39 9986
429 ADD 700859 21 SELL 148 9988
430 CANCEL 700858 20 BUY 0 0
430 CANCEL 700859 21 SELL 0 0
430 ADD 700860 20 BUY 80 9987
430 ADD 700861 21 SELL 8 9989
431 CANCEL 700860 20 BUY 0 0
431 CANCEL 700861 21 SELL 0 0
431 ADD 700862 20 BUY 65 9988
431 ADD 700863 21 SELL 8 9990
432 CANCEL 700862 20 BUY 0 0
432 CANCEL 700863 21 SELL 0 0
432 ADD 700864 20 BUY 149 9990
432 ADD 700865 21 SELL 36 9994
433 CANCEL 700864 20 BUY 0 0
433 CANCEL 700865 21 SELL 0 0
433 ADD 700866 20 BUY 128 9991
433 ADD 700867 21 SELL 44 9993
434 CANCEL 700866 20 BUY 0 0
434 CANCEL 700867 21 SELL 0 0
434 ADD 700868 20 BUY 131 9994
434 ADD 700869 21 SELL 12 9998
435 CANCEL 700868 20 BUY 0 0
435 CANCEL 700869 21 SELL 0 0
435 ADD 700870 20 BUY 158 9995
435 ADD 700871 21 SELL 8 9999
436 CANCEL 700870 20 BUY 0 0
436 CANCEL 700871 21 SELL 0 0
436 ADD 700872 20 BUY 180 9997
436 ADD 700873 21 SELL 30 10001
437 CANCEL 700872 20 BUY 0 0
437 CANCEL 700873 21 SELL 0 0
437 ADD 700874 20 BUY 45 9998
437 ADD 700875 21 SELL 146 10000
438 CANCEL 700874 20 BUY 0 0
438 CANCEL 700875 21 SELL 0 0
438 ADD 700876 20 BUY 84 9997
438 ADD 700877 21 SELL 74 9999
439 CANCEL 700876 20 BUY 0 0
439 CANCEL 700877 21 SELL 0 0
439 ADD 700878 20 BUY 44 9999
439 ADD 700879 21 SELL 80 10001
440 CANCEL 700878 20 BUY 0 0
440 CANCEL 700879 21 SELL 0 0
440 ADD 700880 20 BUY 41 9997
440 ADD 700881 21 SELL 94 10001
441 CANCEL 700880 20 BUY 0 0
441 CANCEL 700881 21 SELL 0 0
441 ADD 700882 20 BUY 87 9995
441 ADD 700883 21 SELL 35 9999
442 CANCEL 700882 20 BUY 0 0
442 CANCEL 700883 21 SELL 0 0
442 ADD 700884 20 BUY 129 9998
442 ADD 700885 21 SELL 68 10002
443 CANCEL 700884 20 BUY 0 0
443 CANCEL 700885 21 SELL 0 0
443 ADD 700886 20 BUY 134 10000
443 ADD 700887 21 SELL 49 10002
444 CANCEL 700886 20 BUY 0 0
444 CANCEL 700887 21 SELL 0 0
444 ADD 700888 20 BUY 172 10001
444 ADD 700889 21 SELL 15 10003
445 CANCEL 700888 20 BUY 0 0
445 CANCEL 700889 21 SELL 0 0
445 ADD 700890 20 BUY 177 10003
445 ADD 700891 21 SELL 8 10007
446 CANCEL 700890 20 BUY 0 0
446 CANCEL 700891 21 SELL 0 0
446 ADD 700892 20 BUY 169 10006
446 ADD 700893 21 SELL 10 10010
447 CANCEL 700892 20 BUY 0 0
447 CANCEL 700893 21 SELL 0 0
447 ADD 700894 20 BUY 162 10008
447 ADD 700895 21 SELL 34 10014
448 CANCEL 700894 20 BUY 0 0
448 CANCEL 700895 21 SELL 0 0
448 ADD 700896 20 BUY 162 10010
448 ADD 700897 21 SELL 19 10014
449 CANCEL 700896 20 BUY 0 0
449 CANCEL 700897 21 SELL 0 0
449 ADD 700898 20 BUY 70 10011
449 ADD 700899 21 SELL 75 10015
450 CANCEL 700898 20 BUY 0 0
450 CANCEL 700899 21 SELL 0 0
450 ADD 700900 20 BUY 64 10011
450 ADD 700901 21 SELL 35 10013
451 CANCEL 700900 20 BUY 0 0
451 CANCEL 700901 21 SELL 0 0
451 ADD 700902 20 BUY 28 10012
451 ADD 700903 21 SELL 101 10014
452 CANCEL 700902 20 BUY 0 0
452 CANCEL 700903 21 SELL 0 0
452 ADD 700904 20 BUY 32 10008
452 ADD 700905 21 SELL 83 10012
453 CANCEL 700904 20 BUY 0 0
453 CANCEL 700905 21 SELL 0 0
453 ADD 700906 20 BUY 74 10008
453 ADD 700907 21 SELL 73 10010
454 CANCEL 700906 20 BUY 0 0
454 CANCEL 700907 21 SELL 0 0
454 ADD 700908 20 BUY 44 10008
454 ADD 700909 21 SELL 137 10010
455 CANCEL 700908 20 BUY 0 0
455 CANCEL 700909 21 SELL 0 0
455 ADD 700910 20 BUY 120 10006
455 ADD 700911 21 SELL 24 10008
456 CANCEL 700910 20 BUY 0 0
456 CANCEL 700911 21 SELL 0 0
456 ADD 700912 20 BUY 37 10008
456 ADD 700913 21 SELL 165 10012
457 CANCEL 700912 20 BUY 0 0
457 CANCEL 700913 21 SELL 0 0
457 ADD 700914 20 BUY 89 10005
457 ADD 700915 21 SELL 73 10011
458 CANCEL 700914 20 BUY 0 0
458 CANCEL 700915 21 SELL 0 0
458 ADD 700916 20 BUY 83 10007
458 ADD 700917 21 SELL 48 10011
459 CANCEL 700916 20 BUY 0 0
459 CANCEL 700917 21 SELL 0 0
459 ADD 700918 20 BUY 9 10009
459 ADD 700919 21 SELL 185 10011
460 CANCEL 700918 20 BUY 0 0
460 CANCEL 700919 21 SELL 0 0
460 ADD 700920 20 BUY 36 10008
460 ADD 700921 21 SELL 77 10010
461 CANCEL 700920 20 BUY 0 0
461 CANCEL 700921 21 SELL 0 0
461 ADD 700922 20 BUY 135 10007
461 ADD 700923 21 SELL 74 10011
462 CANCEL 700922 20 BUY 0 0
462 CANCEL 700923 21 SELL 0 0
462 ADD 700924 20 BUY 94 10013
462 ADD 700925 21 SELL 37 10015
463 CANCEL 700924 20 BUY 0 0
463 CANCEL 700925 21 SELL 0 0
463 ADD 700926 20 BUY 148 10015
463 ADD 700927 21 SELL 40 10019
464 CANCEL 700926 20 BUY 0 0
464 CANCEL 700927 21 SELL 0 0
464 ADD 700928 20 BUY 51 10021
464 ADD 700929 21 SELL 42 10023
465 CANCEL 700928 20 BUY 0 0
465 CANCEL 700929 21 SELL 0 0
465 ADD 700930 20 BUY 81 10018
465 ADD 700931 21 SELL 36 10020
466 CANCEL 700930 20 BUY 0 0
466 CANCEL 700931 21 SELL 0 0
466 ADD 700932 20 BUY 132 10019
466 ADD 700933 21 SELL 8 10021
467 CANCEL 700932 20 BUY 0 0
467 CANCEL 700933 21 SELL 0 0
467 ADD 700934 20 BUY 83 10019
467 ADD 700935 21 SELL 117 10021
468 CANCEL 700934 20 BUY 0 0
468 CANCEL 700935 21 SELL 0 0
468 ADD 700936 20 BUY 79 10017
468 ADD 700937 21 SELL 100 10023
469 CANCEL 700936 20 BUY 0 0
469 CANCEL 700937 21 SELL 0 0
469 ADD 700938 20 BUY 56 10020
469 ADD 700939 21 SELL 161 10022
470 CANCEL 700938 20 BUY 0 0
470 CANCEL 700939 21 SELL 0 0
470 ADD 700940 20 BUY 38 10015
470 ADD 700941 21 SELL 70 10019
471 CANCEL 700940 20 BUY 0 0
471 CANCEL 700941 21 SELL 0 0
471 ADD 700942 20 BUY 8 10012
471 ADD 700943 21 SELL 102 10018
472 CANCEL 700942 20 BUY 0 0
472 CANCEL 700943 21 SELL 0 0
472 ADD 700944 20 BUY 8 10010
472 ADD 700945 21 SELL 163 10012
473 CANCEL 700944 20 BUY 0 0
473 CANCEL 700945 21 SELL 0 0
473 ADD 700946 20 BUY 35 10005
473 ADD 700947 21 SELL 167 10009
474 CANCEL 700946 20 BUY 0 0
474 CANCEL 700947 21 SELL 0 0
474 ADD 700948 20 BUY 10 10004
474 ADD 700949 21 SELL 80 10006
475 CANCEL 700948 20 BUY 0 0
475 CANCEL 700949 21 SELL 0 0
475 ADD 700950 20 BUY 8 10000
475 ADD 700951 21 SELL 107 10002
476 CANCEL 700950 20 BUY 0 0
476 CANCEL 700951 21 SELL 0 0
476 ADD 700952 20 BUY 58 9999
476 ADD 700953 21 SELL 148 10001
477 CANCEL 700952 20 BUY 0 0
477 CANCEL 700953 21 SELL 0 0
477 ADD 700954 20 BUY 81 9998
477 ADD 700955 21 SELL 78 10000
478 CANCEL 700954 20 BUY 0 0
478 CANCEL 700955 21 SELL 0 0
478 ADD 700956 20 BUY 25 9996
478 ADD 700957 21 SELL 112 10002
479 CANCEL 700956 20 BUY 0 0
479 CANCEL 700957 21 SELL 0 0
479 ADD 700958 20 BUY 8 9998
479 ADD 700959 21 SELL 110 10000
480 CANCEL 700958 20 BUY 0 0
480 CANCEL 700959 21 SELL 0 0
480 ADD 700960 20 BUY 8 9995
480 ADD 700961 21 SELL 132 9999
481 CANCEL 700960 20 BUY 0 0
481 CANCEL 700961 21 SELL 0 0
481 ADD 700962 20 BUY 8 9995
481 ADD 700963 21 SELL 109 9997
482 CANCEL 700962 20 BUY 0 0
482 CANCEL 700963 21 SELL 0 0
482 ADD 700964 20 BUY 8 9994
482 ADD 700965 21 SELL 85 9996
483 CANCEL 700964 20 BUY 0 0
483 CANCEL 700965 21 SELL 0 0
483 ADD 700966 20 BUY 26 9992
483 ADD 700967 21 SELL 125 9994
484 CANCEL 700966 20 BUY 0 0
484 CANCEL 700967 21 SELL 0 0
484 ADD 700968 20 BUY 58 9992
484 ADD 700969 21 SELL 126 9996
485 CANCEL 700968 20 BUY 0 0
485 CANCEL 700969 21 SELL 0 0
485 ADD 700970 20 BUY 100 9993
485 ADD 700971 21 SELL 19 9995
486 CANCEL 700970 20 BUY 0 0
486 CANCEL 700971 21 SELL 0 0
486 ADD 700972 20 BUY 53 9998
486 ADD 700973 21 SELL 20 10000
487 CANCEL 700972 20 BUY 0 0
487 CANCEL 700973 21 SELL 0 0
487 ADD 700974 20 BUY 12 10000
487 ADD 700975 21 SELL 119 10002
488 CANCEL 700974 20 BUY 0 0
488 CANCEL 700975 21 SELL 0 0
488 ADD 700976 20 BUY 18 9998
488 ADD 700977 21 SELL 146 10000
489 CANCEL 700976 20 BUY 0 0
489 CANCEL 700977 21 SELL 0 0
489 ADD 700978 20 BUY 17 9994
489 ADD 700979 21 SELL 148 9998
490 CANCEL 700978 20 BUY 0 0
490 CANCEL 700979 21 SELL 0 0
490 ADD 700980 20 BUY 8 9990
490 ADD 700981 21 SELL 189 9994
491 CANCEL 700980 20 BUY 0 0
491 CANCEL 700981 21 SELL 0 0
491 ADD 700982 20 BUY 9 9985
491 ADD 700983 21 SELL 110 9989
492 CANCEL 700982 20 BUY 0 0
492 CANCEL 700983 21 SELL 0 0
492 ADD 700984 20 BUY 25 9986
492 ADD 700985 21 SELL 122 9988
493 CANCEL 700984 20 BUY 0 0
493 CANCEL 700985 21 SELL 0 0
493 ADD 700986 20 BUY 68 9982
493 ADD 700987 21 SELL 109 9984
494 CANCEL 700986 20 BUY 0 0
494 CANCEL 700987 21 SELL 0 0
494 ADD 700988 20 BUY 86 9981
494 ADD 700989 21 SELL 92 9983
495 CANCEL 700988 20 BUY 0 0
495 CANCEL 700989 21 SELL 0 0
495 ADD 700990 20 BUY 32 9983
495 ADD 700991 21 SELL 133 9985
496 CANCEL 700990 20 BUY 0 0
496 CANCEL 700991 21 SELL 0 0
496 ADD 700992 20 BUY 176 9983
496 ADD 700993 21 SELL 14 9985
497 CANCEL 700992 20 BUY 0 0
497 CANCEL 700993 21 SELL 0 0
497 ADD 700994 20 BUY 66 9985
497 ADD 700995 21 SELL 21 9987
498 CANCEL 700994 20 BUY 0 0
498 CANCEL 700995 21 SELL 0 0
498 ADD 700996 20 BUY 91 9988
498 ADD 700997 21 SELL 56 9990
499 CANCEL 700996 20 BUY 0 0
499 CANCEL 700997 21 SELL 0 0
499 ADD 700998 20 BUY 107 9989
499 ADD 700999 21 SELL 68 9993
500 CANCEL 700998 20 BUY 0 0
500 CANCEL 700999 21 SELL 0 0
500 ADD 701000 20 BUY 103 9992
500 ADD 701001 21 SELL 55 9994
501 CANCEL 701000 20 BUY 0 0
501 CANCEL 701001 21 SELL 0 0
501 ADD 701002 20 BUY 73 9994
501 ADD 701003 21 SELL 13 10000
502 CANCEL 701002 20 BUY 0 0
502 CANCEL 701003 21 SELL 0 0
502 ADD 701004 20 BUY 76 9997
502 ADD 701005 21 SELL 59 10003
503 CANCEL 701004 20 BUY 0 0
503 CANCEL 701005 21 SELL 0 0
503 ADD 701006 20 BUY 14 9999
503 ADD 701007 21 SELL 129 10001
504 CANCEL 701006 20 BUY 0 0
504 CANCEL 701007 21 SELL 0 0
504 ADD 701008 20 BUY 23 9996
504 ADD 701009 21 SELL 158 9998
505 CANCEL 701008 20 BUY 0 0
505 CANCEL 701009 21 SELL 0 0
505 ADD 701010 20 BUY 46 9996
505 ADD 701011 21 SELL 149 9998
506 CANCEL 701010 20 BUY 0 0
506 CANCEL 701011 21 SELL 0 0
506 ADD 701012 20 BUY 8 9996
506 ADD 701013 21 SELL 171 10000
507 CANCEL 701012 20 BUY 0 0
507 CANCEL 701013 21 SELL 0 0
507 ADD 701014 20 BUY 19 9995
507 ADD 701015 21 SELL 110 9997
508 CANCEL 701014 20 BUY 0 0
508 CANCEL 701015 21 SELL 0 0
508 ADD 701016 20 BUY 116 9991
508 ADD 701017 21 SELL 96 9995
509 CANCEL 701016 20 BUY 0 0
509 CANCEL 701017 21 SELL 0 0
509 ADD 701018 20 BUY 17 9990
509 ADD 701019 21 SELL 54 9992
510 CANCEL 701018 20 BUY 0 0
510 CANCEL 701019 21 SELL 0 0
510 ADD 701020 20 BUY 44 9991
510 ADD 701021 21 SELL 134 9993
511 CANCEL 701020 20 BUY 0 0
511 CANCEL 701021 21 SELL 0 0
511 ADD 701022 20 BUY 38 9992
511 ADD 701023 21 SELL 56 9994
512 CANCEL 701022 20 BUY 0 0
512 CANCEL 701023 21 SELL 0 0
512 ADD 701024 20 BUY 8 9990
512 ADD 701025 21 SELL 120 9992
513 CANCEL 701024 20 BUY 0 0
513 CANCEL 701025 21 SELL 0 0
513 ADD 701026 20 BUY 45 9989
513 ADD 701027 21 SELL 131 9991
514 CANCEL 701026 20 BUY 0 0
514 CANCEL 701027 21 SELL 0 0
514 ADD 701028 20 BUY 50 9986
514 ADD 701029 21 SELL 109 9988
515 CANCEL 701028 20 BUY 0 0
515 CANCEL 701029 21 SELL 0 0
515 ADD 701030 20 BUY 62 9984
515 ADD 701031 21 SELL 50 9986
516 CANCEL 701030 20 BUY 0 0
516 CANCEL 701031 21 SELL 0 0
516 ADD 701032 20 BUY 112 9988
516 ADD 701033 21 SELL 49 9990
517 CANCEL 701032 20 BUY 0 0
517 CANCEL 701033 21 SELL 0 0
517 ADD 701034 20 BUY 59 9989
517 ADD 701035 21 SELL 112 9991
518 CANCEL 701034 20 BUY 0 0
518 CANCEL 701035 21 SELL 0 0
518 ADD 701036 20 BUY 74 9991
518 ADD 701037 21 SELL 72 9993
519 CANCEL 701036 20 BUY 0 0
519 CANCEL 701037 21 SELL 0 0
519 ADD 701038 20 BUY 20 9990
519 ADD 701039 21 SELL 131 9992
520 CANCEL 701038 20 BUY 0 0
520 CANCEL 701039 21 SELL 0 0
520 ADD 701040 20 BUY 8 9986
520 ADD 701041 21 SELL 98 9988
521 CANCEL 701040 20 BUY 0 0
521 CANCEL 701041 21 SELL 0 0
521 ADD 701042 20 BUY 28 9983
521 ADD 701043 21 SELL 133 9985
522 CANCEL 701042 20 BUY 0 0
522 CANCEL 701043 21 SELL 0 0
522 ADD 701044 20 BUY 8 9982
522 ADD 701045 21 SELL 107 9984
523 CANCEL 701044 20 BUY 0 0
523 CANCEL 701045 21 SELL 0 0
523 ADD 701046 20 BUY 49 9981
523 ADD 701047 21 SELL 136 9983
524 CANCEL 701046 20 BUY 0 0
524 CANCEL 701047 21 SELL 0 0
524 ADD 701048 20 BUY 67 9979
524 ADD 701049 21 SELL 65 9983
525 CANCEL 701048 20 BUY 0 0
525 CANCEL 701049 21 SELL 0 0
525 ADD 701050 20 BUY 35 9980
525 ADD 701051 21 SELL 93 9984
526 CANCEL 701050 20 BUY 0 0
526 CANCEL 701051 21 SELL 0 0
526 ADD 701052 20 BUY 8 9978
526 ADD 701053 21 SELL 167 9982
527 CANCEL 701052 20 BUY 0 0
527 CANCEL 701053 21 SELL 0 0
527 ADD 701054 20 BUY 18 9977
527 ADD 701055 21 SELL 191 9979
528 CANCEL 701054 20 BUY 0 0
528 CANCEL 701055 21 SELL 0 0
528 ADD 701056 20 BUY 50 9976
528 ADD 701057 21 SELL 57 9978
529 CANCEL 701056 20 BUY 0 0
529 CANCEL 701057 21 SELL 0 0
529 ADD 701058 20 BUY 56 9975
529 ADD 701059 21 SELL 52 9981
530 CANCEL 701058 20 BUY 0 0
530 CANCEL 701059 21 SELL 0 0
530 ADD 701060 20 BUY 19 9977
530 ADD 701061 21 SELL 72 9979
531 CANCEL 701060 20 BUY 0 0
531 CANCEL 701061 21 SELL 0 0
531 ADD 701062 20 BUY 88 9976
531 ADD 701063 21 SELL 52 9978
532 CANCEL 701062 20 BUY 0 0
532 CANCEL 701063 21 SELL 0 0
532 ADD 701064 20 BUY 61 9979
532 ADD 701065 21 SELL 30 9983
533 CANCEL 701064 20 BUY 0 0
533 CANCEL 701065 21 SELL 0 0
533 ADD 701066 20 BUY 98 9983
533 ADD 701067 21 SELL 8 9985
534 CANCEL 701066 20 BUY 0 0
534 CANCEL 701067 21 SELL 0 0
534 ADD 701068 20 BUY 80 9986
534 ADD 701069 21 SELL 8 9988
535 CANCEL 701068 20 BUY 0 0
535 CANCEL 701069 21 SELL 0 0
535 ADD 701070 20 BUY 149 9989
535 ADD 701071 21 SELL 59 9991
536 CANCEL 701070 20 BUY 0 0
536 CANCEL 701071 21 SELL 0 0
536 ADD 701072 20 BUY 101 9991
536 ADD 701073 21 SELL 10 9993
537 CANCEL 701072 20 BUY 0 0
537 CANCEL 701073 21 SELL 0 0
537 ADD 701074 20 BUY 69 9993
537 ADD 701075 21 SELL 62 9997
538 CANCEL 701074 20 BUY 0 0
538 CANCEL 701075 21 SELL 0 0
538 ADD 701076 20 BUY 65 9993
538 ADD 701077 21 SELL 15 9997
539 CANCEL 701076 20 BUY 0 0
539 CANCEL 701077 21 SELL 0 0
539 ADD 701078 20 BUY 144 9997
539 ADD 701079 21 SELL 8 9999
540 CANCEL 701078 20 BUY 0 0
540 CANCEL 701079 21 SELL 0 0
540 ADD 701080 20 BUY 88 9998
540 ADD 701081 21 SELL 19 10000
541 CANCEL 701080 20 BUY 0 0
541 CANCEL 701081 21 SELL 0 0
541 ADD 701082 20 BUY 40 10001
541 ADD 701083 21 SELL 71 10005
542 CANCEL 701082 20 BUY 0 0
542 CANCEL 701083 21 SELL 0 0
542 ADD 701084 20 BUY 66 10000
542 ADD 701085 21 SELL 93 10004
543 CANCEL 701084 20 BUY 0 0
543 CANCEL 701085 21 SELL 0 0
543 ADD 701086 20 BUY 57 10000
543 ADD 701087 21 SELL 71 10004
544 CANCEL 701086 20 BUY 0 0
544 CANCEL 701087 21 SELL 0 0
544 ADD 701088 20 BUY 149 10003
544 ADD 701089 21 SELL 32 10005
545 CANCEL 701088 20 BUY 0 0
545 CANCEL 701089 21 SELL 0 0
545 ADD 701090 20 BUY 102 10004
545 ADD 701091 21 SELL 86 10010
546 CANCEL 701090 20 BUY 0 0
546 CANCEL 701091 21 SELL 0 0
546 ADD 701092 20 BUY 134 10007
546 ADD 701093 21 SELL 8 10009
547 CANCEL 701092 20 BUY 0 0
547 CANCEL 701093 21 SELL 0 0
547 ADD 701094 20 BUY 124 10008
547 ADD 701095 21 SELL 12 10010
548 CANCEL 701094 20 BUY 0 0
548 CANCEL 701095 21 SELL 0 0
548 ADD 701096 20 BUY 108 10011
548 ADD 701097 21 SELL 8 10013
549 CANCEL 701096 20 BUY 0 0
549 CANCEL 701097 21 SELL 0 0
549 ADD 701098 20 BUY 85 10016
549 ADD 701099 21 SELL 10 10018
550 CANCEL 701098 20 BUY 0 0
550 CANCEL 701099 21 SELL 0 0
550 ADD 701100 20 BUY 135 10018
550 ADD 701101 21 SELL 59 10020
551 CANCEL 701100 20 BUY 0 0
551 CANCEL 701101 21 SELL 0 0
551 ADD 701102 20 BUY 136 10021
551 ADD 701103 21 SELL 10 10025
552 CANCEL 701102 20 BUY 0 0
552 CANCEL 701103 21 SELL 0 0
552 ADD 701104 20 BUY 87 10024
552 ADD 701105 21 SELL 15 10026
553 CANCEL 701104 20 BUY 0 0
553 CANCEL 701105 21 SELL 0 0
553 ADD 701106 20 BUY 100 10028
553 ADD 701107 21 SELL 36 10030
554 CANCEL 701106 20 BUY 0 0
554 CANCEL 701107 21 SELL 0 0
554 ADD 701108 20 BUY 57 10029
554 ADD 701109 21 SELL 34 10033
555 CANCEL 701108 20 BUY 0 0
555 CANCEL 701109 21 SELL 0 0
555 ADD 701110 20 BUY 108 10034
555 ADD 701111 21 SELL 9 10036
556 CANCEL 701110 20 BUY 0 0
556 CANCEL 701111 21 SELL 0 0
556 ADD 701112 20 BUY 74 10035
556 ADD 701113 21 SELL 8 10037
557 CANCEL 701112 20 BUY 0 0
557 CANCEL 701113 21 SELL 0 0
557 ADD 701114 20 BUY 71 10039
557 ADD 701115 21 SELL 26 10041
558 CANCEL 701114 20 BUY 0 0
558 CANCEL 701115 21 SELL 0 0
558 ADD 701116 20 BUY 122 10038
558 ADD 701117 21 SELL 13 10042
559 CANCEL 701116 20 BUY 0 0
559 CANCEL 701117 21 SELL 0 0
559 ADD 701118 20 BUY 141 10039
559 ADD 701119 21 SELL 56 10041
560 CANCEL 701118 20 BUY 0 0
560 CANCEL 701119 21 SELL 0 0
560 ADD 701120 20 BUY 38 10039
560 ADD 701121 21 SELL 52 10043
561 CANCEL 701120 20 BUY 0 0
561 CANCEL 701121 21 SELL 0 0
561 ADD 701122 20 BUY 79 10040
561 ADD 701123 21 SELL 30 10042
562 CANCEL 701122 20 BUY 0 0
562 CANCEL 701123 21 SELL 0 0
562 ADD 701124 20 BUY 75 10040
562 ADD 701125 21 SELL 22 10042
563 CANCEL 701124 20 BUY 0 0
563 CANCEL 701125 21 SELL 0 0
563 ADD 701126 20 BUY 79 10038
563 ADD 701127 21 SELL 62 10042
564 CANCEL 701126 20 BUY 0 0
564 CANCEL 701127 21 SELL 0 0
564 ADD 701128 20 BUY 71 10037
564 ADD 701129 21 SELL 13 10041
565 CANCEL 701128 20 BUY 0 0
565 CANCEL 701129 21 SELL 0 0
565 ADD 701130 20 BUY 114 10040
565 ADD 701131 21 SELL 30 10042
566 CANCEL 701130 20 BUY 0 0
566 CANCEL 701131 21 SELL 0 0
566 ADD 701132 20 BUY 89 10038
566 ADD 701133 21 SELL 18 10044
567 CANCEL 701132 20 BUY 0 0
567 CANCEL 701133 21 SELL 0 0
567 ADD 701134 20 BUY 55 10040
567 ADD 701135 21 SELL 107 10042
568 CANCEL 701134 20 BUY 0 0
568 CANCEL 701135 21 SELL 0 0
568 ADD 701136 20 BUY 135 10039
568 ADD 701137 21 SELL 33 10043
569 CANCEL 701136 20 BUY 0 0
569 CANCEL 701137 21 SELL 0 0
569 ADD 701138 20 BUY 20 10041
569 ADD 701139 21 SELL 97 10043
570 CANCEL 701138 20 BUY 0 0
570 CANCEL 701139 21 SELL 0 0
570 ADD 701140 20 BUY 38 10039
570 ADD 701141 21 SELL 72 10041
571 CANCEL 701140 20 BUY 0 0
571 CANCEL 701141 21 SELL 0 0
571 ADD 701142 20 BUY 25 10034
571 ADD 701143 21 SELL 74 10038
572 CANCEL 701142 20 BUY 0 0
572 CANCEL 701143 21 SELL 0 0
572 ADD 701144 20 BUY 88 10031
572 ADD 701145 21 SELL 84 10033
573 CANCEL 701144 20 BUY 0 0
573 CANCEL 701145 21 SELL 0 0
573 ADD 701146 20 BUY 118 10028
573 ADD 701147 21 SELL 62 10030
574 CANCEL 701146 20 BUY 0 0
574 CANCEL 701147 21 SELL 0 0
574 ADD 701148 20 BUY 87 10029
574 ADD 701149 21 SELL 53 10033
575 CANCEL 701148 20 BUY 0 0
575 CANCEL 701149 21 SELL 0 0
575 ADD 701150 20 BUY 90 10031
575 ADD 701151 21 SELL 11 10033
576 CANCEL 701150 20 BUY 0 0
576 CANCEL 701151 21 SELL 0 0
576 ADD 701152 20 BUY 78 10032
576 ADD 701153 21 SELL 21 10034
577 CANCEL 701152 20 BUY 0 0
577 CANCEL 701153 21 SELL 0 0
577 ADD 701154 20 BUY 12 10035
577 ADD 701155 21 SELL 131 10037
578 CANCEL 701154 20 BUY 0 0
578 CANCEL 701155 21 SELL 0 0
578 ADD 701156 20 BUY 21 10035
578 ADD 701157 21 SELL 78 10037
579 CANCEL 701156 20 BUY 0 0
579 CANCEL 701157 21 SELL 0 0
579 ADD 701158 20 BUY 55 10032
579 ADD 701159 21 SELL 81 10034
580 CANCEL 701158 20 BUY 0 0
580 CANCEL 701159 21 SELL 0 0
580 ADD 701160 20 BUY 75 10028
580 ADD 701161 21 SELL 34 10030
581 CANCEL 701160 20 BUY 0 0
581 CANCEL 701161 21 SELL 0 0
581 ADD 701162 20 BUY 57 10028
581 ADD 701163 21 SELL 31 10030
582 CANCEL 701162 20 BUY 0 0
582 CANCEL 701163 21 SELL 0 0
582 ADD 701164 20 BUY 53 10028
582 ADD 701165 21 SELL 44 10032
583 CANCEL 701164 20 BUY 0 0
583 CANCEL 701165 21 SELL 0 0
583 ADD 701166 20 BUY 135 10028
583 ADD 701167 21 SELL 8 10030
584 CANCEL 701166 20 BUY 0 0
584 CANCEL 701167 21 SELL 0 0
584 ADD 701168 20 BUY 92 10029
584 ADD 701169 21 SELL 36 10033
585 CANCEL 701168 20 BUY 0 0
585 CANCEL 701169 21 SELL 0 0
585 ADD 701170 20 BUY 172 10032
585 ADD 701171 21 SELL 8 10034
586 CANCEL 701170 20 BUY 0 0
586 CANCEL 701171 21 SELL 0 0
586 ADD 701172 20 BUY 168 10038
586 ADD 701173 21 SELL 8 10040
587 CANCEL 701172 20 BUY 0 0
587 CANCEL 701173 21 SELL 0 0
587 ADD 701174 20 BUY 82 10039
587 ADD 701175 21 SELL 15 10043
588 CANCEL 701174 20 BUY 0 0
588 CANCEL 701175 21 SELL 0 0
588 ADD 701176 20 BUY 85 10043
588 ADD 701177 21 SELL 12 10045
589 CANCEL 701176 20 BUY 0 0
589 CANCEL 701177 21 SELL 0 0
589 ADD 701178 20 BUY 122 10041
589 ADD 701179 21 SELL 10 10043
590 CANCEL 701178 20 BUY 0 0
590 CANCEL 701179 21 SELL 0 0
590 ADD 701180 20 BUY 176 10043
590 ADD 701181 21 SELL 9 10045
591 CANCEL 701180 20 BUY 0 0
591 CANCEL 701181 21 SELL 0 0
591 ADD 701182 20 BUY 95 10043
591 ADD 701183 21 SELL 8 10049
592 CANCEL 701182 20 BUY 0 0
592 CANCEL 701183 21 SELL 0 0
592 ADD 701184 20 BUY 170 10047
592 ADD 701185 21 SELL 23 10049
593 CANCEL 701184 20 BUY 0 0
593 CANCEL 701185 21 SELL 0 0
593 ADD 701186 20 BUY 125 10049
593 ADD 701187 21 SELL 20 10051
594 CANCEL 701186 20 BUY 0 0
594 CANCEL 701187 21 SELL 0 0
594 ADD 701188 20 BUY 182 10051
594 ADD 701189 21 SELL 17 10053
595 CANCEL 701188 20 BUY 0 0
595 CANCEL 701189 21 SELL 0 0
595 ADD 701190 20 BUY 123 10052
595 ADD 701191 21 SELL 61 10056
596 CANCEL 701190 20 BUY 0 0
596 CANCEL 701191 21 SELL 0 0
596 ADD 701192 20 BUY 87 10049
596 ADD 701193 21 SELL 38 10051
597 CANCEL 701192 20 BUY 0 0
597 CANCEL 701193 21 SELL 0 0
597 ADD 701194 20 BUY 58 10049
597 ADD 701195 21 SELL 60 10051
598 CANCEL 701194 20 BUY 0 0
598 CANCEL 701195 21 SELL 0 0
598 ADD 701196 20 BUY 53 10045
598 ADD 701197 21 SELL 32 10051
599 CANCEL 701196 20 BUY 0 0
599 CANCEL 701197 21 SELL 0 0
599 ADD 701198 20 BUY 121 10045
599 ADD 701199 21 SELL 82 10049
600 CANCEL 701198 20 BUY 0 0
600 CANCEL 701199 21 SELL 0 0
600 ADD 701200 20 BUY 106 10045
600 ADD 701201 21 SELL 106 10049
601 CANCEL 701200 20 BUY 0 0
601 CANCEL 701201 21 SELL 0 0
601 ADD 701202 20 BUY 66 10045
601 ADD 701203 21 SELL 110 10049
602 CANCEL 701202 20 BUY 0 0
602 CANCEL 701203 21 SELL 0 0
602 ADD 701204 20 BUY 165 10044
602 ADD 701205 21 SELL 32 10046
603 CANCEL 701204 20 BUY 0 0
603 CANCEL 701205 21 SELL 0 0
603 ADD 701206 20 BUY 104 10044
603 ADD 701207 21 SELL 14 10046
604 CANCEL 701206 20 BUY 0 0
604 CANCEL 701207 21 SELL 0 0
604 ADD 701208 20 BUY 136 10045
604 ADD 701209 21 SELL 59 10047
605 CANCEL 701208 20 BUY 0 0
605 CANCEL 701209 21 SELL 0 0
605 ADD 701210 20 BUY 102 10043
605 ADD 701211 21 SELL 55 10045
606 CANCEL 701210 20 BUY 0 0
606 CANCEL 701211 21 SELL 0 0
606 ADD 701212 20 BUY 35 10043
606 ADD 701213 21 SELL 48 10047
607 CANCEL 701212 20 BUY 0 0
607 CANCEL 701213 21 SELL 0 0
607 ADD 701214 20 BUY 85 10042
607 ADD 701215 21 SELL 74 10044
608 CANCEL 701214 20 BUY 0 0
608 CANCEL 701215 21 SELL 0 0
608 ADD 701216 20 BUY 116 10038
608 ADD 701217 21 SELL 49 10040
609 CANCEL 701216 20 BUY 0 0
609 CANCEL 701217 21 SELL 0 0
609 ADD 701218 20 BUY 95 10038
609 ADD 701219 21 SELL 46 10044
610 CANCEL 701218 20 BUY 0 0
610 CANCEL 701219 21 SELL 0 0
610 ADD 701220 20 BUY 70 10039
610 ADD 701221 21 SELL 19 10041
611 CANCEL 701220 20 BUY 0 0
611 CANCEL 701221 21 SELL 0 0
611 ADD 701222 20 BUY 40 10037
611 ADD 701223 21 SELL 81 10043
612 CANCEL 701222 20 BUY 0 0
612 CANCEL 701223 21 SELL 0 0
612 ADD 701224 20 BUY 64 10038
612 ADD 701225 21 SELL 67 10040
613 CANCEL 701224 20 BUY 0 0
613 CANCEL 701225 21 SELL 0 0
613 ADD 701226 20 BUY 33 10037
613 ADD 701227 21 SELL 173 10039
614 CANCEL 701226 20 BUY 0 0
614 CANCEL 701227 21 SELL 0 0
614 ADD 701228 20 BUY 18 10033
614 ADD 701229 21 SELL 70 10035
615 CANCEL 701228 20 BUY 0 0
615 CANCEL 701229 21 SELL 0 0
615 ADD 701230 20 BUY 8 10029
615 ADD 701231 21 SELL 157 10031
616 CANCEL 701230 20 BUY 0 0
616 CANCEL 701231 21 SELL 0 0
616 ADD 701232 20 BUY 8 10028
616 ADD 701233 21 SELL 115 10030
617 CANCEL 701232 20 BUY 0 0
617 CANCEL 701233 21 SELL 0 0
617 ADD 701234 20 BUY 80 10025
617 ADD 701235 21 SELL 42 10027
618 CANCEL 701234 20 BUY 0 0
618 CANCEL 701235 21 SELL 0 0
618 ADD 701236 20 BUY 118 10027
618 ADD 701237 21 SELL 68 10029
619 CANCEL 701236 20 BUY 0 0
619 CANCEL 701237 21 SELL 0 0
619 ADD 701238 20 BUY 47 10026
619 ADD 701239 21 SELL 113 10030
620 CANCEL 701238 20 BUY 0 0
620 CANCEL 701239 21 SELL 0 0
620 ADD 701240 20 BUY 83 10026
620 ADD 701241 21 SELL 46 10030
621 CANCEL 701240 20 BUY 0 0
621 CANCEL 701241 21 SELL 0 0
621 ADD 701242 20 BUY 102 10027
621 ADD 701243 21 SELL 31 10029
622 CANCEL 701242 20 BUY 0 0
622 CANCEL 701243 21 SELL 0 0
622 ADD 701244 20 BUY 91 10027
622 ADD 701245 21 SELL 107 10031
623 CANCEL 701244 20 BUY 0 0
623 CANCEL 701245 21 SELL 0 0
623 ADD 701246 20 BUY 82 10026
623 ADD 701247 21 SELL 73 10028
624 CANCEL 701246 20 BUY 0 0
624 CANCEL 701247 21 SELL 0 0
624 ADD 701248 20 BUY 28 10028
624 ADD 701249 21 SELL 54 10030
625 CANCEL 701248 20 BUY 0 0
625 CANCEL 701249 21 SELL 0 0
625 ADD 701250 20 BUY 65 10026
625 ADD 701251 21 SELL 142 10028
626 CANCEL 701250 20 BUY 0 0
626 CANCEL 701251 21 SELL 0 0
626 ADD 701252 20 BUY 8 10025
626 ADD 701253 21 SELL 123 10027
627 CANCEL 701252 20 BUY 0 0
627 CANCEL 701253 21 SELL 0 0
627 ADD 701254 20 BUY 57 10022
627 ADD 701255 21 SELL 140 10024
628 CANCEL 701254 20 BUY 0 0
628 CANCEL 701255 21 SELL 0 0
628 ADD 701256 20 BUY 8 10021
628 ADD 701257 21 SELL 80 10023
629 CANCEL 701256 20 BUY 0 0
629 CANCEL 701257 21 SELL 0 0
629 ADD 701258 20 BUY 32 10018
629 ADD 701259 21 SELL 96 10020
630 CANCEL 701258 20 BUY 0 0
630 CANCEL 701259 21 SELL 0 0
630 ADD 701260 20 BUY 43 10016
630 ADD 701261 21 SELL 95 10020
631 CANCEL 701260 20 BUY 0 0
631 CANCEL 701261 21 SELL 0 0
631 ADD 701262 20 BUY 11 10014
631 ADD 701263 21 SELL 155 10016
632 CANCEL 701262 20 BUY 0 0
632 CANCEL 701263 21 SELL 0 0
632 ADD 701264 20 BUY 42 10011
632 ADD 701265 21 SELL 84 10013
633 CANCEL 701264 20 BUY 0 0
633 CANCEL 701265 21 SELL 0 0
633 ADD 701266 20 BUY 51 10010
633 ADD 701267 21 SELL 118 10012
634 CANCEL 701266 20 BUY 0 0
634 CANCEL 701267 21 SELL 0 0
634 ADD 701268 20 BUY 129 10006
634 ADD 701269 21 SELL 51 10010
635 CANCEL 701268 20 BUY 0 0
635 CANCEL 701269 21 SELL 0 0
635 ADD 701270 20 BUY 117 10006
635 ADD 701271 21 SELL 71 10008
636 CANCEL 701270 20 BUY 0 0
636 CANCEL 701271 21 SELL 0 0
636 ADD 701272 20 BUY 79 10004
636 ADD 701273 21 SELL 18 10006
637 CANCEL 701272 20 BUY 0 0
637 CANCEL 701273 21 SELL 0 0
637 ADD 701274 20 BUY 109 10006
637 ADD 701275 21 SELL 12 10008
638 CANCEL 701274 20 BUY 0 0
638 CANCEL 701275 21 SELL 0 0
638 ADD 701276 20 BUY 44 10009
638 ADD 701277 21 SELL 124 10011
639 CANCEL 701276 20 BUY 0 0
639 CANCEL 701277 21 SELL 0 0
639 ADD 701278 20 BUY 100 10012
639 ADD 701279 21 SELL 8 10014
640 CANCEL 701278 20 BUY 0 0
640 CANCEL 701279 21 SELL 0 0
640 ADD 701280 20 BUY 123 10012
640 ADD 701281 21 SELL 64 10016
641 CANCEL 701280 20 BUY 0 0
641 CANCEL 701281 21 SELL 0 0
641 ADD 701282 20 BUY 94 10012
641 ADD 701283 21 SELL 27 10016
642 CANCEL 701282 20 BUY 0 0
642 CANCEL 701283 21 SELL 0 0
642 ADD 701284 20 BUY 77 10017
642 ADD 701285 21 SELL 58 10019
643 CANCEL 701284 20 BUY 0 0
643 CANCEL 701285 21 SELL 0 0
643 ADD 701286 20 BUY 75 10014
643 ADD 701287 21 SELL 60 10018
644 CANCEL 701286 20 BUY 0 0
644 CANCEL 701287 21 SELL 0 0
644 ADD 701288 20 BUY 9 10012
644 ADD 701289 21 SELL 85 10018
645 CANCEL 701288 20 BUY 0 0
645 CANCEL 701289 21 SELL 0 0
645 ADD 701290 20 BUY 84 10013
645 ADD 701291 21 SELL 79 10015
646 CANCEL 701290 20 BUY 0 0
646 CANCEL 701291 21 SELL 0 0
646 ADD 701292 20 BUY 119 10010
646 ADD 701293 21 SELL 50 10012
647 CANCEL 701292 20 BUY 0 0
647 CANCEL 701293 21 SELL 0 0
647 ADD 701294 20 BUY 23 10014
647 ADD 701295 21 SELL 130 10016
648 CANCEL 701294 20 BUY 0 0
648 CANCEL 701295 21 SELL 0 0
648 ADD 701296 20 BUY 31 10010
648 ADD 701297 21 SELL 108 10014
649 CANCEL 701296 20 BUY 0 0
649 CANCEL 701297 21 SELL 0 0
649 ADD 701298 20 BUY 16 10007
649 ADD 701299 21 SELL 87 10011
650 CANCEL 701298 20 BUY 0 0
650 CANCEL 701299 21 SELL 0 0
650 ADD 701300 20 BUY 8 10005
650 ADD 701301 21 SELL 163 10007
651 CANCEL 701300 20 BUY 0 0
651 CANCEL 701301 21 SELL 0 0
651 ADD 701302 20 BUY 10 10000
651 ADD 701303 21 SELL 121 10002
652 CANCEL 701302 20 BUY 0 0
652 CANCEL 701303 21 SELL 0 0
652 ADD 701304 20 BUY 35 9992
652 ADD 701305 21 SELL 46 9998
653 CANCEL 701304 20 BUY 0 0
653 CANCEL 701305 21 SELL 0 0
653 ADD 701306 20 BUY 15 9995
653 ADD 701307 21 SELL 118 9997
654 CANCEL 701306 20 BUY 0 0
654 CANCEL 701307 21 SELL 0 0
654 ADD 701308 20 BUY 73 9992
654 ADD 701309 21 SELL 15 9994
655 CANCEL 701308 20 BUY 0 0
655 CANCEL 701309 21 SELL 0 0
655 ADD 701310 20 BUY 58 9993
655 ADD 701311 21 SELL 149 9995
656 CANCEL 701310 20 BUY 0 0
656 CANCEL 701311 21 SELL 0 0
656 ADD 701312 20 BUY 88 9991
656 ADD 701313 21 SELL 75 9995
657 CANCEL 701312 20 BUY 0 0
657 CANCEL 701313 21 SELL 0 0
657 ADD 701314 20 BUY 21 9991
657 ADD 701315 21 SELL 70 9995
658 CANCEL 701314 20 BUY 0 0
658 CANCEL 701315 21 SELL 0 0
658 ADD 701316 20 BUY 28 9992
658 ADD 701317 21 SELL 140 9994
659 CANCEL 701316 20 BUY 0 0
659 CANCEL 701317 21 SELL 0 0
659 ADD 701318 20 BUY 8 9990
659 ADD 701319 21 SELL 185 9996
660 CANCEL 701318 20 BUY 0 0
660 CANCEL 701319 21 SELL 0 0
660 ADD 701320 20 BUY 53 9990
660 ADD 701321 21 SELL 124 9992
661 CANCEL 701320 20 BUY 0 0
661 CANCEL 701321 21 SELL 0 0
661 ADD 701322 20 BUY 48 9988
661 ADD 701323 21 SELL 65 9992
662 CANCEL 701322 20 BUY 0 0
662 CANCEL 701323 21 SELL 0 0
662 ADD 701324 20 BUY 50 9989
662 ADD 701325 21 SELL 112 9991
663 CANCEL 701324 20 BUY 0 0
663 CANCEL 701325 21 SELL 0 0
663 ADD 701326 20 BUY 59 9987
663 ADD 701327 21 SELL 125 9991
664 CANCEL 701326 20 BUY 0 0
664 CANCEL 701327 21 SELL 0 0
664 ADD 701328 20 BUY 81 9986
664 ADD 701329 21 SELL 23 9990
665 CANCEL 701328 20 BUY 0 0
665 CANCEL 701329 21 SELL 0 0
665 ADD 701330 20 BUY 34 9987
665 ADD 701331 21 SELL 87 9989
666 CANCEL 701330 20 BUY 0 0
666 CANCEL 701331 21 SELL 0 0
666 ADD 701332 20 BUY 62 9987
666 ADD 701333 21 SELL 29 9989
667 CANCEL 701332 20 BUY 0 0
667 CANCEL 701333 21 SELL 0 0
667 ADD 701334 20 BUY 70 9987
667 ADD 701335 21 SELL 35 9991
668 CANCEL 701334 20 BUY 0 0
668 CANCEL 701335 21 SELL 0 0
668 ADD 701336 20 BUY 143 9987
668 ADD 701337 21 SELL 13 9989
669 CANCEL 701336 20 BUY 0 0
669 CANCEL 701337 21 SELL 0 0
669 ADD 701338 20 BUY 104 9990
669 ADD 701339 21 SELL 8 9994
670 CANCEL 701338 20 BUY 0 0
670 CANCEL 701339 21 SELL 0 0
670 ADD 701340 20 BUY 218 9992
670 ADD 701341 21 SELL 8 9994
671 CANCEL 701340 20 BUY 0 0
671 CANCEL 701341 21 SELL 0 0
671 ADD 701342 20 BUY 90 9995
671 ADD 701343 21 SELL 24 9997
672 CANCEL 701342 20 BUY 0 0
672 CANCEL 701343 21 SELL 0 0
672 ADD 701344 20 BUY 58 9997
672 ADD 701345 21 SELL 84 10001
673 CANCEL 701344 20 BUY 0 0
673 CANCEL 701345 21 SELL 0 0
673 ADD 701346 20 BUY 114 9997
673 ADD 701347 21 SELL 83 9999
674 CANCEL 701346 20 BUY 0 0
674 CANCEL 701347 21 SELL 0 0
674 ADD 701348 20 BUY 73 9998
674 ADD 701349 21 SELL 120 10000
675 CANCEL 701348 20 BUY 0 0
675 CANCEL 701349 21 SELL 0 0
675 ADD 701350 20 BUY 46 9996
675 ADD 701351 21 SELL 166 9998
676 CANCEL 701350 20 BUY 0 0
676 CANCEL 701351 21 SELL 0 0
676 ADD 701352 20 BUY 12 9996
676 ADD 701353 21 SELL 177 9998
677 CANCEL 701352 20 BUY 0 0
677 CANCEL 701353 21 SELL 0 0
677 ADD 701354 20 BUY 8 9993
677 ADD 701355 21 SELL 83 9995
678 CANCEL 701354 20 BUY 0 0
678 CANCEL 701355 21 SELL 0 0
678 ADD 701356 20 BUY 17 9991
678 ADD 701357 21 SELL 163 9993
679 CANCEL 701356 20 BUY 0 0
679 CANCEL 701357 21 SELL 0 0
679 ADD 701358 20 BUY 40 9987
679 ADD 701359 21 SELL 130 9989
680 CANCEL 701358 20 BUY 0 0
680 CANCEL 701359 21 SELL 0 0
680 ADD 701360 20 BUY 8 9983
680 ADD 701361 21 SELL 110 9985
681 CANCEL 701360 20 BUY 0 0
681 CANCEL 701361 21 SELL 0 0
681 ADD 701362 20 BUY 11 9983
681 ADD 701363 21 SELL 153 9985
682 CANCEL 701362 20 BUY 0 0
682 CANCEL 701363 21 SELL 0 0
682 ADD 701364 20 BUY 8 9979
682 ADD 701365 21 SELL 150 9981
683 CANCEL 701364 20 BUY 0 0
683 CANCEL 701365 21 SELL 0 0
683 ADD 701366 20 BUY 42 9974
683 ADD 701367 21 SELL 133 9978
684 CANCEL 701366 20 BUY 0 0
684 CANCEL 701367 21 SELL 0 0
684 ADD 701368 20 BUY 33 9972
684 ADD 701369 21 SELL 139 9976
685 CANCEL 701368 20 BUY 0 0
685 CANCEL 701369 21 SELL 0 0
685 ADD 701370 20 BUY 48 9971
685 ADD 701371 21 SELL 70 9973
686 CANCEL 701370 20 BUY 0 0
686 CANCEL 701371 21 SELL 0 0
686 ADD 701372 20 BUY 53 9970
686 ADD 701373 21 SELL 52 9974
687 CANCEL 701372 20 BUY 0 0
687 CANCEL 701373 21 SELL 0 0
687 ADD 701374 20 BUY 106 9973
687 ADD 701375 21 SELL 105 9975
688 CANCEL 701374 20 BUY 0 0
688 CANCEL 701375 21 SELL 0 0
688 ADD 701376 20 BUY 75 9973
688 ADD 701377 21 SELL 37 9975
689 CANCEL 701376 20 BUY 0 0
689 CANCEL 701377 21 SELL 0 0
689 ADD 701378 20 BUY 64 9976
689 ADD 701379 21 SELL 41 9978
690 CANCEL 701378 20 BUY 0 0
690 CANCEL 701379 21 SELL 0 0
690 ADD 701380 20 BUY 43 9978
690 ADD 701381 21 SELL 100 9980
691 CANCEL 701380 20 BUY 0 0
691 CANCEL 701381 21 SELL 0 0
691 ADD 701382 20 BUY 61 9975
691 ADD 701383 21 SELL 69 9979
692 CANCEL 701382 20 BUY 0 0
692 CANCEL 701383 21 SELL 0 0
692 ADD 701384 20 BUY 8 9978
692 ADD 701385 21 SELL 184 9980
693 CANCEL 701384 20 BUY 0 0
693 CANCEL 701385 21 SELL 0 0
693 ADD 701386 20 BUY 10 9973
693 ADD 701387 21 SELL 71 9975
694 CANCEL 701386 20 BUY 0 0
694 CANCEL 701387 21 SELL 0 0
694 ADD 701388 20 BUY 69 9971
694 ADD 701389 21 SELL 47 9973
695 CANCEL 701388 20 BUY 0 0
695 CANCEL 701389 21 SELL 0 0
695 ADD 701390 20 BUY 38 9971
695 ADD 701391 21 SELL 46 9975
696 CANCEL 701390 20 BUY 0 0
696 CANCEL 701391 21 SELL 0 0
696 ADD 701392 20 BUY 96 9971
696 ADD 701393 21 SELL 94 9973
697 CANCEL 701392 20 BUY 0 0
697 CANCEL 701393 21 SELL 0 0
697 ADD 701394 20 BUY 54 9971
697 ADD 701395 21 SELL 83 9975
698 CANCEL 701394 20 BUY 0 0
698 CANCEL 701395 21 SELL 0 0
698 ADD 701396 20 BUY 114 9968
698 ADD 701397 21 SELL 41 9972
699 CANCEL 701396 20 BUY 0 0
699 CANCEL 701397 21 SELL 0 0
699 ADD 701398 20 BUY 57 9970
699 ADD 701399 21 SELL 33 9972
700 CANCEL 701398 20 BUY 0 0
700 CANCEL 701399 21 SELL 0 0
700 ADD 701400 20 BUY 135 9973
700 ADD 701401 21 SELL 47 9975
701 CANCEL 701400 20 BUY 0 0
701 CANCEL 701401 21 SELL 0 0
701 ADD 701402 20 BUY 76 9976
701 ADD 701403 21 SELL 80 9978
702 CANCEL 701402 20 BUY 0 0
702 CANCEL 701403 21 SELL 0 0
702 ADD 701404 20 BUY 65 9975
702 ADD 701405 21 SELL 26 9977
703 CANCEL 701404 20 BUY 0 0
703 CANCEL 701405 21 SELL 0 0
703 ADD 701406 20 BUY 119 9975
703 ADD 701407 21 SELL 33 9977
704 CANCEL 701406 20 BUY 0 0
704 CANCEL 701407 21 SELL 0 0
704 ADD 701408 20 BUY 27 9976
704 ADD 701409 21 SELL 127 9978
705 CANCEL 701408 20 BUY 0 0
705 CANCEL 701409 21 SELL 0 0
705 ADD 701410 20 BUY 44 9977
705 ADD 701411 21 SELL 75 9979
706 CANCEL 701410 20 BUY 0 0
706 CANCEL 701411 21 SELL 0 0
706 ADD 701412 20 BUY 30 9973
706 ADD 701413 21 SELL 92 9977
707 CANCEL 701412 20 BUY 0 0
707 CANCEL 701413 21 SELL 0 0
707 ADD 701414 20 BUY 71 9974
707 ADD 701415 21 SELL 37 9976
708 CANCEL 701414 20 BUY 0 0
708 CANCEL 701415 21 SELL 0 0
708 ADD 701416 20 BUY 33 9972
708 ADD 701417 21 SELL 62 9976
709 CANCEL 701416 20 BUY 0 0
709 CANCEL 701417 21 SELL 0 0
709 ADD 701418 20 BUY 54 9973
709 ADD 701419 21 SELL 75 9975
710 CANCEL 701418 20 BUY 0 0
710 CANCEL 701419 21 SELL 0 0
710 ADD 701420 20 BUY 69 9972
710 ADD 701421 21 SELL 81 9974
711 CANCEL 701420 20 BUY 0 0
711 CANCEL 701421 21 SELL 0 0
711 ADD 701422 20 BUY 79 9975
711 ADD 701423 21 SELL 87 9977
712 CANCEL 701422 20 BUY 0 0
712 CANCEL 701423 21 SELL 0 0
712 ADD 701424 20 BUY 137 9974
712 ADD 701425 21 SELL 14 9976
713 CANCEL 701424 20 BUY 0 0
713 CANCEL 701425 21 SELL 0 0
713 ADD 701426 20 BUY 115 9973
713 ADD 701427 21 SELL 8 9975
714 CANCEL 701426 20 BUY 0 0
714 CANCEL 701427 21 SELL 0 0
714 ADD 701428 20 BUY 140 9975
714 ADD 701429 21 SELL 63 9977
715 CANCEL 701428 20 BUY 0 0
715 CANCEL 701429 21 SELL 0 0
715 ADD 701430 20 BUY 162 9978
715 ADD 701431 21 SELL 9 9984
716 CANCEL 701430 20 BUY 0 0
716 CANCEL 701431 21 SELL 0 0
716 ADD 701432 20 BUY 142 9982
716 ADD 701433 21 SELL 9 9984
717 CANCEL 701432 20 BUY 0 0
717 CANCEL 701433 21 SELL 0 0
717 ADD 701434 20 BUY 133 9984
717 ADD 701435 21 SELL 13 9988
718 CANCEL 701434 20 BUY 0 0
718 CANCEL 701435 21 SELL 0 0
718 ADD 701436 20 BUY 185 9988
718 ADD 701437 21 SELL 15 9990
719 CANCEL 701436 20 BUY 0 0
719 CANCEL 701437 21 SELL 0 0
719 ADD 701438 20 BUY 86 9992
719 ADD 701439 21 SELL 67 9996
720 CANCEL 701438 20 BUY 0 0
720 CANCEL 701439 21 SELL 0 0
720 ADD 701440 20 BUY 47 9997
720 ADD 701441 21 SELL 58 9999
721 CANCEL 701440 20 BUY 0 0
721 CANCEL 701441 21 SELL 0 0
721 ADD 701442 20 BUY 8 9998
721 ADD 701443 21 SELL 117 10000
722 CANCEL 701442 20 BUY 0 0
722 CANCEL 701443 21 SELL 0 0
722 ADD 701444 20 BUY 78 9994
722 ADD 701445 21 SELL 80 9996
723 CANCEL 701444 20 BUY 0 0
723 CANCEL 701445 21 SELL 0 0
723 ADD 701446 20 BUY 45 9990
723 ADD 701447 21 SELL 22 9994
724 CANCEL 701446 20 BUY 0 0
724 CANCEL 701447 21 SELL 0 0
724 ADD 701448 20 BUY 93 9991
724 ADD 701449 21 SELL 30 9993
725 CANCEL 701448 20 BUY 0 0
725 CANCEL 701449 21 SELL 0 0
725 ADD 701450 20 BUY 83 9991
725 ADD 701451 21 SELL 8 9993
726 CANCEL 701450 20 BUY 0 0
726 CANCEL 701451 21 SELL 0 0
726 ADD 701452 20 BUY 75 9993
726 ADD 701453 21 SELL 47 9995
727 CANCEL 701452 20 BUY 0 0
727 CANCEL 701453 21 SELL 0 0
727 ADD 701454 20 BUY 149 9997
727 ADD 701455 21 SELL 34 9999
728 CANCEL 701454 20 BUY 0 0
728 CANCEL 701455 21 SELL 0 0
728 ADD 701456 20 BUY 128 10002
728 ADD 701457 21 SELL 16 10004
729 CANCEL 701456 20 BUY 0 0
729 CANCEL 701457 21 SELL 0 0
729 ADD 701458 20 BUY 104 10006
729 ADD 701459 21 SELL 8 10008
730 CANCEL 701458 20 BUY 0 0
730 CANCEL 701459 21 SELL 0 0
730 ADD 701460 20 BUY 177 10008
730 ADD 701461 21 SELL 22 10010
731 CANCEL 701460 20 BUY 0 0
731 CANCEL 701461 21 SELL 0 0
731 ADD 701462 20 BUY 125 10012
731 ADD 701463 21 SELL 48 10014
732 CANCEL 701462 20 BUY 0 0
732 CANCEL 701463 21 SELL 0 0
732 ADD 701464 20 BUY 75 10013
732 ADD 701465 21 SELL 19 10017
733 CANCEL 701464 20 BUY 0 0
733 CANCEL 701465 21 SELL 0 0
733 ADD 701466 20 BUY 161 10016
733 ADD 701467 21 SELL 8 10018
734 CANCEL 701466 20 BUY 0 0
734 CANCEL 701467 21 SELL 0 0
734 ADD 701468 20 BUY 169 10017
734 ADD 701469 21 SELL 28 10019
735 CANCEL 701468 20 BUY 0 0
735 CANCEL 701469 21 SELL 0 0
735 ADD 701470 20 BUY 105 10016
735 ADD 701471 21 SELL 11 10022
736 CANCEL 701470 20 BUY 0 0
736 CANCEL 701471 21 SELL 0 0
736 ADD 701472 20 BUY 71 10019
736 ADD 701473 21 SELL 25 10021
737 CANCEL 701472 20 BUY 0 0
737 CANCEL 701473 21 SELL 0 0
737 ADD 701474 20 BUY 135 10019
737 ADD 701475 21 SELL 8 10021
738 CANCEL 701474 20 BUY 0 0
738 CANCEL 701475 21 SELL 0 0
738 ADD 701476 20 BUY 75 10019
738 ADD 701477 21 SELL 8 10021
739 CANCEL 701476 20 BUY 0 0
739 CANCEL 701477 21 SELL 0 0
739 ADD 701478 20 BUY 136 10020
739 ADD 701479 21 SELL 8 10022
740 CANCEL 701478 20 BUY 0 0
740 CANCEL 701479 21 SELL 0 0
740 ADD 701480 20 BUY 176 10025
740 ADD 701481 21 SELL 15 10027
741 CANCEL 701480 20 BUY 0 0
741 CANCEL 701481 21 SELL 0 0
741 ADD 701482 20 BUY 162 10026
741 ADD 701483 21 SELL 43 10030
742 CANCEL 701482 20 BUY 0 0
742 CANCEL 701483 21 SELL 0 0
742 ADD 701484 20 BUY 65 10030
742 ADD 701485 21 SELL 27 10032
743 CANCEL 701484 20 BUY 0 0
743 CANCEL 701485 21 SELL 0 0
743 ADD 701486 20 BUY 125 10031
743 ADD 701487 21 SELL 8 10033
744 CANCEL 701486 20 BUY 0 0
744 CANCEL 701487 21 SELL 0 0
744 ADD 701488 20 BUY 54 10030
744 ADD 701489 21 SELL 50 10032
745 CANCEL 701488 20 BUY 0 0
745 CANCEL 701489 21 SELL 0 0
745 ADD 701490 20 BUY 136 10030
745 ADD 701491 21 SELL 47 10036
746 CANCEL 701490 20 BUY 0 0
746 CANCEL 701491 21 SELL 0 0
746 ADD 701492 20 BUY 52 10031
746 ADD 701493 21 SELL 49 10033
747 CANCEL 701492 20 BUY 0 0
747 CANCEL 701493 21 SELL 0 0
747 ADD 701494 20 BUY 62 10033
747 ADD 701495 21 SELL 119 10035
748 CANCEL 701494 20 BUY 0 0
748 CANCEL 701495 21 SELL 0 0
748 ADD 701496 20 BUY 75 10031
748 ADD 701497 21 SELL 83 10035
749 CANCEL 701496 20 BUY 0 0
749 CANCEL 701497 21 SELL 0 0
749 ADD 701498 20 BUY 8 10031
749 ADD 701499 21 SELL 120 10035
750 CANCEL 701498 20 BUY 0 0
750 CANCEL 701499 21 SELL 0 0
750 ADD 701500 20 BUY 43 10030
750 ADD 701501 21 SELL 87 10032
751 CANCEL 701500 20 BUY 0 0
751 CANCEL 701501 21 SELL 0 0
751 ADD 701502 20 BUY 56 10028
751 ADD 701503 21 SELL 97 10032
752 CANCEL 701502 20 BUY 0 0
752 CANCEL 701503 21 SELL 0 0
752 ADD 701504 20 BUY 50 10030
752 ADD 701505 21 SELL 81 10032
753 CANCEL 701504 20 BUY 0 0
753 CANCEL 701505 21 SELL 0 0
753 ADD 701506 20 BUY 67 10028
753 ADD 701507 21 SELL 68 10030
754 CANCEL 701506 20 BUY 0 0
754 CANCEL 701507 21 SELL 0 0
754 ADD 701508 20 BUY 42 10027
754 ADD 701509 21 SELL 117 10029
755 CANCEL 701508 20 BUY 0 0
755 CANCEL 701509 21 SELL 0 0
755 ADD 701510 20 BUY 27 10023
755 ADD 701511 21 SELL 112 10025
756 CANCEL 701510 20 BUY 0 0
756 CANCEL 701511 21 SELL 0 0
756 ADD 701512 20 BUY 22 10016
756 ADD 701513 21 SELL 69 10020
757 CANCEL 701512 20 BUY 0 0
757 CANCEL 701513 21 SELL 0 0
757 ADD 701514 20 BUY 44 10015
757 ADD 701515 21 SELL 164 10019
758 CANCEL 701514 20 BUY 0 0
758 CANCEL 701515 21 SELL 0 0
758 ADD 701516 20 BUY 20 10016
758 ADD 701517 21 SELL 128 10018
759 CANCEL 701516 20 BUY 0 0
759 CANCEL 701517 21 SELL 0 0
759 ADD 701518 20 BUY 56 10012
759 ADD 701519 21 SELL 57 10014
760 CANCEL 701518 20 BUY 0 0
760 CANCEL 701519 21 SELL 0 0
760 ADD 701520 20 BUY 85 10014
760 ADD 701521 21 SELL 67 10018
761 CANCEL 701520 20 BUY 0 0
761 CANCEL 701521 21 SELL 0 0
761 ADD 701522 20 BUY 67 10014
761 ADD 701523 21 SELL 47 10016
762 CANCEL 701522 20 BUY 0 0
762 CANCEL 701523 21 SELL 0 0
762 ADD 701524 20 BUY 76 10014
762 ADD 701525 21 SELL 11 10018
763 CANCEL 701524 20 BUY 0 0
763 CANCEL 701525 21 SELL 0 0
763 ADD 701526 20 BUY 82 10017
763 ADD 701527 21 SELL 8 10019
764 CANCEL 701526 20 BUY 0 0
764 CANCEL 701527 21 SELL 0 0
764 ADD 701528 20 BUY 108 10018
764 ADD 701529 21 SELL 52 10022
765 CANCEL 701528 20 BUY 0 0
765 CANCEL 701529 21 SELL 0 0
765 ADD 701530 20 BUY 93 10021
765 ADD 701531 21 SELL 23 10023
766 CANCEL 701530 20 BUY 0 0
766 CANCEL 701531 21 SELL 0 0
766 ADD 701532 20 BUY 67 10022
766 ADD 701533 21 SELL 50 10028
767 CANCEL 701532 20 BUY 0 0
767 CANCEL 701533 21 SELL 0 0
767 ADD 701534 20 BUY 123 10025
767 ADD 701535 21 SELL 60 10027
768 CANCEL 701534 20 BUY 0 0
768 CANCEL 701535 21 SELL 0 0
768 ADD 701536 20 BUY 22 10029
768 ADD 701537 21 SELL 66 10031
769 CANCEL 701536 20 BUY 0 0
769 CANCEL 701537 21 SELL 0 0
769 ADD 701538 20 BUY 89 10025
769 ADD 701539 21 SELL 80 10027
770 CANCEL 701538 20 BUY 0 0
770 CANCEL 701539 21 SELL 0 0
770 ADD 701540 20 BUY 46 10023
770 ADD 701541 21 SELL 146 10029
771 CANCEL 701540 20 BUY 0 0
771 CANCEL 701541 21 SELL 0 0
771 ADD 701542 20 BUY 40 10023
771 ADD 701543 21 SELL 115 10025
772 CANCEL 701542 20 BUY 0 0
772 CANCEL 701543 21 SELL 0 0
772 ADD 701544 20 BUY 44 10020
772 ADD 701545 21 SELL 130 10022
773 CANCEL 701544 20 BUY 0 0
773 CANCEL 701545 21 SELL 0 0
773 ADD 701546 20 BUY 13 10019
773 ADD 701547 21 SELL 85 10021
774 CANCEL 701546 20 BUY 0 0
774 CANCEL 701547 21 SELL 0 0
774 ADD 701548 20 BUY 50 10016
774 ADD 701549 21 SELL 133 10018
775 CANCEL 701548 20 BUY 0 0
775 CANCEL 701549 21 SELL 0 0
775 ADD 701550 20 BUY 105 10011
775 ADD 701551 21 SELL 72 10017
776 CANCEL 701550 20 BUY 0 0
776 CANCEL 701551 21 SELL 0 0
776 ADD 701552 20 BUY 24 10008
776 ADD 701553 21 SELL 90 10014
777 CANCEL 701552 20 BUY 0 0
777 CANCEL 701553 21 SELL 0 0
777 ADD 701554 20 BUY 136 10007
777 ADD 701555 21 SELL 55 10009
778 CANCEL 701554 20 BUY 0 0
778 CANCEL 701555 21 SELL 0 0
778 ADD 701556 20 BUY 82 10008
778 ADD 701557 21 SELL 91 10010
779 CANCEL 701556 20 BUY 0 0
779 CANCEL 701557 21 SELL 0 0
779 ADD 701558 20 BUY 71 10009
779 ADD 701559 21 SELL 131 10011
780 CANCEL 701558 20 BUY 0 0
780 CANCEL 701559 21 SELL 0 0
780 ADD 701560 20 BUY 124 10006
780 ADD 701561 21 SELL 90 10008
781 CANCEL 701560 20 BUY 0 0
781 CANCEL 701561 21 SELL 0 0
781 ADD 701562 20 BUY 91 10004
781 ADD 701563 21 SELL 112 10006
782 CANCEL 701562 20 BUY 0 0
782 CANCEL 701563 21 SELL 0 0
782 ADD 701564 20 BUY 68 10003
782 ADD 701565 21 SELL 59 10005
783 CANCEL 701564 20 BUY 0 0
783 CANCEL 701565 21 SELL 0 0
783 ADD 701566 20 BUY 85 10005
783 ADD 701567 21 SELL 41 10007
784 CANCEL 701566 20 BUY 0 0
784 CANCEL 701567 21 SELL 0 0
784 ADD 701568 20 BUY 83 10005
784 ADD 701569 21 SELL 46 10007
785 CANCEL 701568 20 BUY 0 0
785 CANCEL 701569 21 SELL 0 0
785 ADD 701570 20 BUY 124 10007
785 ADD 701571 21 SELL 78 10009
786 CANCEL 701570 20 BUY 0 0
786 CANCEL 701571 21 SELL 0 0
786 ADD 701572 20 BUY 90 10008
786 ADD 701573 21 SELL 67 10010
787 CANCEL 701572 20 BUY 0 0
787 CANCEL 701573 21 SELL 0 0
787 ADD 701574 20 BUY 83 10007
787 ADD 701575 21 SELL 36 10009
788 CANCEL 701574 20 BUY 0 0
788 CANCEL 701575 21 SELL 0 0
788 ADD 701576 20 BUY 74 10008
788 ADD 701577 21 SELL 15 10010
789 CANCEL 701576 20 BUY 0 0
789 CANCEL 701577 21 SELL 0 0
789 ADD 701578 20 BUY 63 10007
789 ADD 701579 21 SELL 90 10011
790 CANCEL 701578 20 BUY 0 0
790 CANCEL 701579 21 SELL 0 0
790 ADD 701580 20 BUY 8 10007
790 ADD 701581 21 SELL 113 10009
791 CANCEL 701580 20 BUY 0 0
791 CANCEL 701581 21 SELL 0 0
791 ADD 701582 20 BUY 18 10005
791 ADD 701583 21 SELL 131 10007
792 CANCEL 701582 20 BUY 0 0
792 CANCEL 701583 21 SELL 0 0
792 ADD 701584 20 BUY 9 9998
792 ADD 701585 21 SELL 132 10002
793 CANCEL 701584 20 BUY 0 0
793 CANCEL 701585 21 SELL 0 0
793 ADD 701586 20 BUY 8 9994
793 ADD 701587 21 SELL 160 9996
794 CANCEL 701586 20 BUY 0 0
794 CANCEL 701587 21 SELL 0 0
794 ADD 701588 20 BUY 64 9991
794 ADD 701589 21 SELL 55 9995
795 CANCEL 701588 20 BUY 0 0
795 CANCEL 701589 21 SELL 0 0
795 ADD 701590 20 BUY 102 9991
795 ADD 701591 21 SELL 34 9993
796 CANCEL 701590 20 BUY 0 0
796 CANCEL 701591 21 SELL 0 0
796 ADD 701592 20 BUY 158 9994
796 ADD 701593 21 SELL 53 9998
797 CANCEL 701592 20 BUY 0 0
797 CANCEL 701593 21 SELL 0 0
797 ADD 701594 20 BUY 108 9995
797 ADD 701595 21 SELL 8 9997
798 CANCEL 701594 20 BUY 0 0
798 CANCEL 701595 21 SELL 0 0
798 ADD 701596 20 BUY 149 9995
798 ADD 701597 21 SELL 8 10001
799 CANCEL 701596 20 BUY 0 0
799 CANCEL 701597 21 SELL 0 0
799 ADD 701598 20 BUY 178 9998
799 ADD 701599 21 SELL 14 10000
800 CANCEL 701598 20 BUY 0 0
800 CANCEL 701599 21 SELL 0 0
800 ADD 701600 20 BUY 112 10002
800 ADD 701601 21 SELL 19 10004
801 CANCEL 701600 20 BUY 0 0
801 CANCEL 701601 21 SELL 0 0
801 ADD 701602 20 BUY 121 10006
801 ADD 701603 21 SELL 8 10010
802 CANCEL 701602 20 BUY 0 0
802 CANCEL 701603 21 SELL 0 0
802 ADD 701604 20 BUY 115 10011
802 ADD 701605 21 SELL 20 10013
803 CANCEL 701604 20 BUY 0 0
803 CANCEL 701605 21 SELL 0 0
803 ADD 701606 20 BUY 120 10015
803 ADD 701607 21 SELL 21 10017
804 CANCEL 701606 20 BUY 0 0
804 CANCEL 701607 21 SELL 0 0
804 ADD 701608 20 BUY 116 10017
804 ADD 701609 21 SELL 8 10019
805 CANCEL 701608 20 BUY 0 0
805 CANCEL 701609 21 SELL 0 0
805 ADD 701610 20 BUY 79 10019
805 ADD 701611 21 SELL 14 10021
806 CANCEL 701610 20 BUY 0 0
806 CANCEL 701611 21 SELL 0 0
806 ADD 701612 20 BUY 109 10023
806 ADD 701613 21 SELL 22 10025
807 CANCEL 701612 20 BUY 0 0
807 CANCEL 701613 21 SELL 0 0
807 ADD 701614 20 BUY 125 10023
807 ADD 701615 21 SELL 14 10027
808 CANCEL 701614 20 BUY 0 0
808 CANCEL 701615 21 SELL 0 0
808 ADD 701616 20 BUY 80 10026
808 ADD 701617 21 SELL 8 10028
809 CANCEL 701616 20 BUY 0 0
809 CANCEL 701617 21 SELL 0 0
809 ADD 701618 20 BUY 102 10027
809 ADD 701619 21 SELL 50 10031
810 CANCEL 701618 20 BUY 0 0
810 CANCEL 701619 21 SELL 0 0
810 ADD 701620 20 BUY 77 10028
810 ADD 701621 21 SELL 135 10032
811 CANCEL 701620 20 BUY 0 0
811 CANCEL 701621 21 SELL 0 0
811 ADD 701622 20 BUY 66 10029
811 ADD 701623 21 SELL 83 10031
812 CANCEL 701622 20 BUY 0 0
812 CANCEL 701623 21 SELL 0 0
812 ADD 701624 20 BUY 8 10027
812 ADD 701625 21 SELL 182 10029
813 CANCEL 701624 20 BUY 0 0
813 CANCEL 701625 21 SELL 0 0
813 ADD 701626 20 BUY 8 10021
813 ADD 701627 21 SELL 140 10025
814 CANCEL 701626 20 BUY 0 0
814 CANCEL 701627 21 SELL 0 0
814 ADD 701628 20 BUY 26 10019
814 ADD 701629 21 SELL 53 10021
815 CANCEL 701628 20 BUY 0 0
815 CANCEL 701629 21 SELL 0 0
815 ADD 701630 20 BUY 65 10016
815 ADD 701631 21 SELL 33 10018
816 CANCEL 701630 20 BUY 0 0
816 CANCEL 701631 21 SELL 0 0
816 ADD 701632 20 BUY 21 10017
816 ADD 701633 21 SELL 93 10023
817 CANCEL 701632 20 BUY 0 0
817 CANCEL 701633 21 SELL 0 0
817 ADD 701634 20 BUY 150 10015
817 ADD 701635 21 SELL 25 10019
818 CANCEL 701634 20 BUY 0 0
818 CANCEL 701635 21 SELL 0 0
818 ADD 701636 20 BUY 195 10015
818 ADD 701637 21 SELL 8 10017
819 CANCEL 701636 20 BUY 0 0
819 CANCEL 701637 21 SELL 0 0
819 ADD 701638 20 BUY 161 10017
819 ADD 701639 21 SELL 8 10019
820 CANCEL 701638 20 BUY 0 0
820 CANCEL 701639 21 SELL 0 0
820 ADD 701640 20 BUY 185 10021
820 ADD 701641 21 SELL 23 10023
821 CANCEL 701640 20 BUY 0 0
821 CANCEL 701641 21 SELL 0 0
821 ADD 701642 20 BUY 110 10021
821 ADD 701643 21 SELL 8 10025
822 CANCEL 701642 20 BUY 0 0
822 CANCEL 701643 21 SELL 0 0
822 ADD 701644 20 BUY 189 10026
822 ADD 701645 21 SELL 8 10028
823 CANCEL 701644 20 BUY 0 0
823 CANCEL 701645 21 SELL 0 0
823 ADD 701646 20 BUY 38 10029
823 ADD 701647 21 SELL 71 10031
824 CANCEL 701646 20 BUY 0 0
824 CANCEL 701647 21 SELL 0 0
824 ADD 701648 20 BUY 78 10028
824 ADD 701649 21 SELL 106 10030
825 CANCEL 701648 20 BUY 0 0
825 CANCEL 701649 21 SELL 0 0
825 ADD 701650 20 BUY 50 10029
825 ADD 701651 21 SELL 77 10031
826 CANCEL 701650 20 BUY 0 0
826 CANCEL 701651 21 SELL 0 0
826 ADD 701652 20 BUY 107 10028
826 ADD 701653 21 SELL 48 10030
827 CANCEL 701652 20 BUY 0 0
827 CANCEL 701653 21 SELL 0 0
827 ADD 701654 20 BUY 60 10031
827 ADD 701655 21 SELL 36 10033
828 CANCEL 701654 20 BUY 0 0
828 CANCEL 701655 21 SELL 0 0
828 ADD 701656 20 BUY 65 10031
828 ADD 701657 21 SELL 82 10033
829 CANCEL 701656 20 BUY 0 0
829 CANCEL 701657 21 SELL 0 0
829 ADD 701658 20 BUY 124 10033
829 ADD 701659 21 SELL 95 10035
830 CANCEL 701658 20 BUY 0 0
830 CANCEL 701659 21 SELL 0 0
830 ADD 701660 20 BUY 146 10035
830 ADD 701661 21 SELL 60 10037
831 CANCEL 701660 20 BUY 0 0
831 CANCEL 701661 21 SELL 0 0
831 ADD 701662 20 BUY 111 10035
831 ADD 701663 21 SELL 44 10037
832 CANCEL 701662 20 BUY 0 0
832 CANCEL 701663 21 SELL 0 0
832 ADD 701664 20 BUY 111 10037
832 ADD 701665 21 SELL 27 10039
833 CANCEL 701664 20 BUY 0 0
833 CANCEL 701665 21 SELL 0 0
833 ADD 701666 20 BUY 163 10039
833 ADD 701667 21 SELL 9 10041
834 CANCEL 701666 20 BUY 0 0
834 CANCEL 701667 21 SELL 0 0
834 ADD 701668 20 BUY 52 10043
834 ADD 701669 21 SELL 62 10045
835 CANCEL 701668 20 BUY 0 0
835 CANCEL 701669 21 SELL 0 0
835 ADD 701670 20 BUY 15 10041
835 ADD 701671 21 SELL 160 10043
836 CANCEL 701670 20 BUY 0 0
836 CANCEL 701671 21 SELL 0 0
836 ADD 701672 20 BUY 8 10039
836 ADD 701673 21 SELL 149 10041
837 CANCEL 701672 20 BUY 0 0
837 CANCEL 701673 21 SELL 0 0
837 ADD 701674 20 BUY 192 10037
837 ADD 701675 21 SELL 9 10039
838 CANCEL 701674 20 BUY 0 0
838 CANCEL 701675 21 SELL 0 0
838 ADD 701676 20 BUY 127 10038
838 ADD 701677 21 SELL 8 10040
839 CANCEL 701676 20 BUY 0 0
839 CANCEL 701677 21 SELL 0 0
839 ADD 701678 20 BUY 88 10040
839 ADD 701679 21 SELL 44 10042
840 CANCEL 701678 20 BUY 0 0
840 CANCEL 701679 21 SELL 0 0
840 ADD 701680 20 BUY 66 10038
840 ADD 701681 21 SELL 95 10040
841 CANCEL 701680 20 BUY 0 0
841 CANCEL 701681 21 SELL 0 0
841 ADD 701682 20 BUY 27 10032
841 ADD 701683 21 SELL 124 10034
842 CANCEL 701682 20 BUY 0 0
842 CANCEL 701683 21 SELL 0 0
842 ADD 701684 20 BUY 70 10030
842 ADD 701685 21 SELL 108 10032
843 CANCEL 701684 20 BUY 0 0
843 CANCEL 701685 21 SELL 0 0
843 ADD 701686 20 BUY 50 10028
843 ADD 701687 21 SELL 94 10032
844 CANCEL 701686 20 BUY 0 0
844 CANCEL 701687 21 SELL 0 0
844 ADD 701688 20 BUY 8 10027
844 ADD 701689 21 SELL 136 10029
845 CANCEL 701688 20 BUY 0 0
845 CANCEL 701689 21 SELL 0 0
845 ADD 701690 20 BUY 9 10022
845 ADD 701691 21 SELL 70 10026
846 CANCEL 701690 20 BUY 0 0
846 CANCEL 701691 21 SELL 0 0
846 ADD 701692 20 BUY 18 10018
846 ADD 701693 21 SELL 170 10020
847 CANCEL 701692 20 BUY 0 0
847 CANCEL 701693 21 SELL 0 0
847 ADD 701694 20 BUY 9 10012
847 ADD 701695 21 SELL 145 10016
848 CANCEL 701694 20 BUY 0 0
848 CANCEL 701695 21 SELL 0 0
848 ADD 701696 20 BUY 8 10008
848 ADD 701697 21 SELL 202 10010
849 CANCEL 701696 20 BUY 0 0
849 CANCEL 701697 21 SELL 0 0
849 ADD 701698 20 BUY 8 10004
849 ADD 701699 21 SELL 183 10006
850 CANCEL 701698 20 BUY 0 0
850 CANCEL 701699 21 SELL 0 0
850 ADD 701700 20 BUY 8 9999
850 ADD 701701 21 SELL 97 10001
851 CANCEL 701700 20 BUY 0 0
851 CANCEL 701701 21 SELL 0 0
851 ADD 701702 20 BUY 8 9994
851 ADD 701703 21 SELL 120 10000
852 CANCEL 701702 20 BUY 0 0
852 CANCEL 701703 21 SELL 0 0
852 ADD 701704 20 BUY 8 9991
852 ADD 701705 21 SELL 80 9997
853 CANCEL 701704 20 BUY 0 0
853 CANCEL 701705 21 SELL 0 0
853 ADD 701706 20 BUY 19 9990
853 ADD 701707 21 SELL 184 9992
854 CANCEL 701706 20 BUY 0 0
854 CANCEL 701707 21 SELL 0 0
854 ADD 701708 20 BUY 15 9986
854 ADD 701709 21 SELL 75 9988
855 CANCEL 701708 20 BUY 0 0
855 CANCEL 701709 21 SELL 0 0
855 ADD 701710 20 BUY 8 9982
855 ADD 701711 21 SELL 164 9984
856 CANCEL 701710 20 BUY 0 0
856 CANCEL 701711 21 SELL 0 0
856 ADD 701712 20 BUY 53 9981
856 ADD 701713 21 SELL 34 9983
857 CANCEL 701712 20 BUY 0 0
857 CANCEL 701713 21 SELL 0 0
857 ADD 701714 20 BUY 46 9981
857 ADD 701715 21 SELL 129 9983
858 CANCEL 701714 20 BUY 0 0
858 CANCEL 701715 21 SELL 0 0
858 ADD 701716 20 BUY 16 9979
858 ADD 701717 21 SELL 80 9981
859 CANCEL 701716 20 BUY 0 0
859 CANCEL 701717 21 SELL 0 0
859 ADD 701718 20 BUY 27 9979
859 ADD 701719 21 SELL 180 9981
860 CANCEL 701718 20 BUY 0 0
860 CANCEL 701719 21 SELL 0 0
860 ADD 701720 20 BUY 96 9977
860 ADD 701721 21 SELL 64 9979
861 CANCEL 701720 20 BUY 0 0
861 CANCEL 701721 21 SELL 0 0
861 ADD 701722 20 BUY 128 9978
861 ADD 701723 21 SELL 11 9980
862 CANCEL 701722 20 BUY 0 0
862 CANCEL 701723 21 SELL 0 0
862 ADD 701724 20 BUY 55 9982
862 ADD 701725 21 SELL 45 9986
863 CANCEL 701724 20 BUY 0 0
863 CANCEL 701725 21 SELL 0 0
863 ADD 701726 20 BUY 8 9982
863 ADD 701727 21 SELL 68 9984
864 CANCEL 701726 20 BUY 0 0
864 CANCEL 701727 21 SELL 0 0
864 ADD 701728 20 BUY 33 9983
864 ADD 701729 21 SELL 181 9985
865 CANCEL 701728 20 BUY 0 0
865 CANCEL 701729 21 SELL 0 0
865 ADD 701730 20 BUY 74 9980
865 ADD 701731 21 SELL 21 9984
866 CANCEL 701730 20 BUY 0 0
866 CANCEL 701731 21 SELL 0 0
866 ADD 701732 20 BUY 126 9980
866 ADD 701733 21 SELL 43 9984
867 CANCEL 701732 20 BUY 0 0
867 CANCEL 701733 21 SELL 0 0
867 ADD 701734 20 BUY 40 9985
867 ADD 701735 21 SELL 65 9987
868 CANCEL 701734 20 BUY 0 0
868 CANCEL 701735 21 SELL 0 0
868 ADD 701736 20 BUY 49 9987
868 ADD 701737 21 SELL 62 9989
869 CANCEL 701736 20 BUY 0 0
869 CANCEL 701737 21 SELL 0 0
869 ADD 701738 20 BUY 40 9984
869 ADD 701739 21 SELL 77 9986
870 CANCEL 701738 20 BUY 0 0
870 CANCEL 701739 21 SELL 0 0
870 ADD 701740 20 BUY 8 9986
870 ADD 701741 21 SELL 90 9988
871 CANCEL 701740 20 BUY 0 0
871 CANCEL 701741 21 SELL 0 0
871 ADD 701742 20 BUY 58 9984
871 ADD 701743 21 SELL 136 9988
872 CANCEL 701742 20 BUY 0 0
872 CANCEL 701743 21 SELL 0 0
872 ADD 701744 20 BUY 8 9982
872 ADD 701745 21 SELL 107 9984
873 CANCEL 701744 20 BUY 0 0
873 CANCEL 701745 21 SELL 0 0
873 ADD 701746 20 BUY 47 9979
873 ADD 701747 21 SELL 137 9985
874 CANCEL 701746 20 BUY 0 0
874 CANCEL 701747 21 SELL 0 0
874 ADD 701748 20 BUY 27 9976
874 ADD 701749 21 SELL 108 9978
875 CANCEL 701748 20 BUY 0 0
875 CANCEL 701749 21 SELL 0 0
875 ADD 701750 20 BUY 10 9974
875 ADD 701751 21 SELL 124 9978
876 CANCEL 701750 20 BUY 0 0
876 CANCEL 701751 21 SELL 0 0
876 ADD 701752 20 BUY 27 9975
876 ADD 701753 21 SELL 89 9977
877 CANCEL 701752 20 BUY 0 0
877 CANCEL 701753 21 SELL 0 0
877 ADD 701754 20 BUY 35 9972
877 ADD 701755 21 SELL 83 9974
878 CANCEL 701754 20 BUY 0 0
878 CANCEL 701755 21 SELL 0 0
878 ADD 701756 20 BUY 33 9971
878 ADD 701757 21 SELL 53 9973
879 CANCEL 701756 20 BUY 0 0
879 CANCEL 701757 21 SELL 0 0
879 ADD 701758 20 BUY 135 9970
879 ADD 701759 21 SELL 64 9972
880 CANCEL 701758 20 BUY 0 0
880 CANCEL 701759 21 SELL 0 0
880 ADD 701760 20 BUY 39 9973
880 ADD 701761 21 SELL 122 9975
881 CANCEL 701760 20 BUY 0 0
881 CANCEL 701761 21 SELL 0 0
881 ADD 701762 20 BUY 52 9974
881 ADD 701763 21 SELL 59 9976
882 CANCEL 701762 20 BUY 0 0
882 CANCEL 701763 21 SELL 0 0
882 ADD 701764 20 BUY 106 9976
882 ADD 701765 21 SELL 105 9978
883 CANCEL 701764 20 BUY 0 0
883 CANCEL 701765 21 SELL 0 0
883 ADD 701766 20 BUY 106 9978
883 ADD 701767 21 SELL 100 9980
884 CANCEL 701766 20 BUY 0 0
884 CANCEL 701767 21 SELL 0 0
884 ADD 701768 20 BUY 89 9979
884 ADD 701769 21 SELL 102 9983
885 CANCEL 701768 20 BUY 0 0
885 CANCEL 701769 21 SELL 0 0
885 ADD 701770 20 BUY 10 9983
885 ADD 701771 21 SELL 99 9985
886 CANCEL 701770 20 BUY 0 0
886 CANCEL 701771 21 SELL 0 0
886 ADD 701772 20 BUY 12 9979
886 ADD 701773 21 SELL 178 9983
887 CANCEL 701772 20 BUY 0 0
887 CANCEL 701773 21 SELL 0 0
887 ADD 701774 20 BUY 8 9977
887 ADD 701775 21 SELL 124 9981
888 CANCEL 701774 20 BUY 0 0
888 CANCEL 701775 21 SELL 0 0
888 ADD 701776 20 BUY 19 9974
888 ADD 701777 21 SELL 74 9976
889 CANCEL 701776 20 BUY 0 0
889 CANCEL 701777 21 SELL 0 0
889 ADD 701778 20 BUY 8 9974
889 ADD 701779 21 SELL 176 9976
890 CANCEL 701778 20 BUY 0 0
890 CANCEL 701779 21 SELL 0 0
890 ADD 701780 20 BUY 18 9969
890 ADD 701781 21 SELL 122 9971
891 CANCEL 701780 20 BUY 0 0
891 CANCEL 701781 21 SELL 0 0
891 ADD 701782 20 BUY 8 9965
891 ADD 701783 21 SELL 173 9967
892 CANCEL 701782 20 BUY 0 0
892 CANCEL 701783 21 SELL 0 0
892 ADD 701784 20 BUY 8 9963
892 ADD 701785 21 SELL 170 9965
893 CANCEL 701784 20 BUY 0 0
893 CANCEL 701785 21 SELL 0 0
893 ADD 701786 20 BUY 8 9961
893 ADD 701787 21 SELL 156 9963
894 CANCEL 701786 20 BUY 0 0
894 CANCEL 701787 21 SELL 0 0
894 ADD 701788 20 BUY 34 9960
894 ADD 701789 21 SELL 178 9962
895 CANCEL 701788 20 BUY 0 0
895 CANCEL 701789 21 SELL 0 0
895 ADD 701790 20 BUY 17 9956
895 ADD 701791 21 SELL 132 9958
896 CANCEL 701790 20 BUY 0 0
896 CANCEL 701791 21 SELL 0 0
896 ADD 701792 20 BUY 16 9954
896 ADD 701793 21 SELL 112 9958
897 CANCEL 701792 20 BUY 0 0
897 CANCEL 701793 21 SELL 0 0
897 ADD 701794 20 BUY 39 9954
897 ADD 701795 21 SELL 150 9956
898 CANCEL 701794 20 BUY 0 0
898 CANCEL 701795 21 SELL 0 0
898 ADD 701796 20 BUY 51 9953
898 ADD 701797 21 SELL 113 9955
899 CANCEL 701796 20 BUY 0 0
899 CANCEL 701797 21 SELL 0 0
899 ADD 701798 20 BUY 51 9951
899 ADD 701799 21 SELL 117 9955
